old_name,new_name,diss_count,rule
«ЎЗЛИТИНЕФТГАЗ” АЖ,«O‘ZLITINEFTGAZ» АЖ,4,exact-fold
“O`ZLITINEFTGAZ” АЖ,«O‘ZLITINEFTGAZ» АЖ,2,exact-fold
"""ЎЗЛИТИНЕФТГАЗ"" АЖ",«O‘ZLITINEFTGAZ» АЖ,1,exact-fold
«ЎЗЛИТИНЕФТГАЗ» АЖ,«O‘ZLITINEFTGAZ» АЖ,1,exact-fold
“Ўзбекэнерго” АЖ “,«Ўзбекэнерго» АЖ,4,exact-fold
«Ўзбекэнерго» АЖ «,«Ўзбекэнерго» АЖ,2,exact-fold
“Ўзбекэнерго” АЖ,«Ўзбекэнерго» АЖ,1,exact-fold
Гидрогеология ва инженерлик геологияси институти ДК,«Гидрогеология ва инженерлик геологияси институти» ДК,1,exact-fold
Гидрогеология ва инженерлик геологияси институти ДМ,«Гидрогеология ва инженерлик геологияси институти» ДК,1,curated-group
“Гидрогеология ва инженерлик геологияси институти” ДМ,«Гидрогеология ва инженерлик геологияси институти» ДК,1,curated-group
“Минерал ресурслар институти” ДМ,«Минерал ресурслар институти» ДМ,7,exact-fold
Минерал ресурслар институти ДМ,«Минерал ресурслар институти» ДМ,6,exact-fold
«Минерал ресурслар институти» ДК,«Минерал ресурслар институти» ДМ,5,curated-group
Минерал ресурслар институти ДК,«Минерал ресурслар институти» ДМ,3,curated-group
“Оила ва хотин-қизлар”,«Оила ва хотин-қизлар»,4,exact-fold
Оила ва хотин-қизлар,«Оила ва хотин-қизлар»,1,exact-fold
“Физика-Қуёш”,«Физика-Қуёш»,1,exact-fold
Оʻзбекистон Миллий университети,Ўзбекистон Миллий университети,6,exact-fold
Оъзбекистон Миллий университети,Ўзбекистон Миллий университети,4,exact-fold
Ўзбекистан миллий университети,Ўзбекистон Миллий университети,2,typo
Ўзбекистон миллий унивеситети,Ўзбекистон Миллий университети,2,typo
О'збекистон Миллий университети,Ўзбекистон Миллий университети,1,exact-fold
Ўзбекистон Миллий университети ва Наманган муҳандислик-қурилиш институти,Ўзбекистон Миллий университети,1,exact-fold
Ўзбекистон Миллий университети ва Ўзбекистон Фанлар академияси Астрономия институти,Ўзбекистон Миллий университети,1,exact-fold
Ўзбекистон Миллий университети ва Қорақалпоқдавлат университети ҳамкорлигида,Ўзбекистон Миллий университети,1,exact-fold
Ўзбекистон Миллий университети ва Тошкент кимё-технология институти,Ўзбекистон Миллий университети,1,exact-fold
Ўзбекистон Миллий университети ва Тошкентдаги Турин политехника университети,Ўзбекистон Миллий университети,1,exact-fold
Ўзбекистон Миллий университети ва Витус Беринг номидаги Камчатка давлат университети,Ўзбекистон Миллий университети,1,exact-fold
"Ўзбекистон Миллий университети, Астрономия институти",Ўзбекистон Миллий университети,1,exact-fold
"Ўзбекистон Миллий университети, Чирчиқ давлат педагогика университети",Ўзбекистон Миллий университети,1,exact-fold
"Ўзбекистон Миллий университети, Ўзбекистон Республикаси Фанлар Академияси Ядро Физикаси институти",Ўзбекистон Миллий университети,1,exact-fold
"Ўзбекистон миллий университети, Ўзбекистон Республикаси Жамоат хавфсизлиги университети",Ўзбекистон Миллий университети,1,exact-fold
"Ўзбекистон миллий университети, Республика Маънавият ва маърифат маркази",Ўзбекистон Миллий университети,1,exact-fold
"Ўзбекистон Миллий университети, Россия фанлар академияси Кабардино-Балкар",Ўзбекистон Миллий университети,1,exact-fold
"Ўзбекистон миллий университети, Тошкент фармацевтика институти",Ўзбекистон Миллий университети,1,exact-fold
"Ўзбекистон Миллий университети, Тошкент кимё-технология институти",Ўзбекистон Миллий университети,1,exact-fold
"Ўзбекистон Миллий университети, Тошкент педиатрия тиббиёт институти",Ўзбекистон Миллий университети,1,exact-fold
Ўзбекистон Республикаси Миллий университети,Ўзбекистон Миллий университети,1,curated
Ўзбекистон Миллий унверситети,Ўзбекистон Миллий университети,1,typo
Ўзбекистонм миллий университети,Ўзбекистон Миллий университети,1,typo
Ўзбекицон Миллий университети,Ўзбекистон Миллий университети,1,typo
Узбекистон миллий университети,Ўзбекистон Миллий университети,1,typo
Ўзбекистон Миллий университети ҳузуридаги Биофизика ва биокимё институти,Ўзбекистон Миллий университети ҳузуридаги Биофизика,35,exact-fold
"Ўзбекистон Миллий университети ҳузуридаги Биофизика ва биокимё институти, Наманган давлат университети",Ўзбекистон Миллий университети ҳузуридаги Биофизика,1,exact-fold
Ўзбекистон Миллий университети ҳузуридаги Яримўтказгичлар физикаси ва микроэлектроника,Ўзбекистон Миллий университети ҳузуридаги Яримўтказгичлар физикаси ва микроелектроника,3,exact-fold
Ўзбекистон Республикаси Банк-молия академиясида,Ўзбекистон Республикаси Банк-молия академияси,1,exact-fold
Ўзбекистон Республикаси Банк–молия академияси,Ўзбекистон Республикаси Банк-молия академияси,1,exact-fold
. Ўзбекистон Республикаси Давлат солиқ қўмитаси ҳузуридаги Фискал институт,Ўзбекистон Республикаси Давлат солиқ қўмитаси ҳузуридаги Фискал институт,1,exact-fold
Оъзбекистон Республикаси Жамоат хавфсизлиги университети,Ўзбекистон Республикаси Жамоат хавфсизлиги университети,3,exact-fold
О'збекистон Республикаси Президенти ҳузуридаги Давлат бошқаруви академияси,Ўзбекистон Республикаси Президенти ҳузуридаги Давлат бошқаруви академияси,1,exact-fold
Ўзбекиcтoн Pеcпубликacи Пpезиденти ҳузуpидaги Дaвлaт бoшқapуви aкaдемияcи,Ўзбекистон Республикаси Президенти ҳузуридаги Давлат бошқаруви академияси,1,typo
Ўзбекистон Республикаси Президенти хузуридаги Давлат бошқаруви академияси,Ўзбекистон Республикаси Президенти ҳузуридаги Давлат бошқаруви академияси,1,typo
Ўзбекистон Республикаси Судьялар олий кенгаши ҳузуридаги Судьялар олий мактаби,Ўзбекистон Республикаси Судялар олий кенгаши ҳузуридаги Судялар олий мактаби,5,exact-fold
Оъзбекистон Республикаси Судялар олий кенгаши ҳузуридаги Судялар олий мактаби,Ўзбекистон Республикаси Судялар олий кенгаши ҳузуридаги Судялар олий мактаби,1,exact-fold
Ўзбекистон Республикаси Фанлар Aкадемияси Aбу Райҳон Беруний номидаги Шарқшунослик институти,Ўзбекистон Республикаси Фанлар Академияси Абу Райҳон Беруний номидаги Шарқшунослик институти,1,exact-fold
Ўзбекистон Республикаси Фанлар aкадемияси Абу Райҳон Беруний номидаги Шарқшунослик институти,Ўзбекистон Республикаси Фанлар Академияси Абу Райҳон Беруний номидаги Шарқшунослик институти,1,exact-fold
Ўзбекистон Республикаси Фанлар Академияси Ион-плазма ва лазер технологиялари институти,Ўзбекистон Республикаси Фанлар Академияси Ион-плазма,13,exact-fold
Ўзбекистон Республикаси Фанлар Академияси Ион-плазма ва лазер технологиялари институти ва Физика-техника институти,Ўзбекистон Республикаси Фанлар Академияси Ион-плазма,1,exact-fold
"Ўзбекистон Республикаси Фанлар академияси, Физика-техника институти",Ўзбекистон Республикаси Фанлар академияси,1,exact-fold
"Ўзбекистон Республикаси Фанлар академияси, Хоразм Маъмун академияси",Ўзбекистон Республикаси Фанлар академияси,1,exact-fold
"Ўзбекистон Республикаси Фанлар академияси Ўзбек тили, адабиёти ва фольклори институти",Ўзбекистон Республикаси Фанлар академияси Ўзбек тили,24,exact-fold
"Ўзбекистон Республикаси Фанлар академияси Ўзбек тили, адабиёти ва фолклори институти",Ўзбекистон Республикаси Фанлар академияси Ўзбек тили,22,exact-fold
Ўзбекистон Республикаси Фанлар академияси М.Т.Ўрозбоев номидаги Механика ва иншоотлар сейсмик мустаҳкамлиги институти,Ўзбекистон Республикаси Фанлар академияси М.Т.Ўрозбоев номидаги Механика,8,exact-fold
Ўзбекистон Республикаси Фанлар академияси Механика ва иншоотлар сейсмик мустаҳкамлиги институти,Ўзбекистон Республикаси Фанлар академияси М.Т.Ўрозбоев номидаги Механика,7,curated-group
Ўзбекистон Республикаси Фанлар академияси М.Т. Ўрозбоев номидаги Механика ва иншоотлар сейсмик мустаҳкамлиги институти,Ўзбекистон Республикаси Фанлар академияси М.Т.Ўрозбоев номидаги Механика,4,exact-fold
М.Т.Ўрозбоев номидаги Механика ва иншоотлар сейсмик мустаҳкамлиги институти,Ўзбекистон Республикаси Фанлар академияси М.Т.Ўрозбоев номидаги Механика,2,curated-group
Ўзбекистон Республикаси Фанлар академияси М.Т. Ўрозбоев номидаги Механика ва иншоотлар сейсмик мустаҳкамлиги институти ва Наманган муҳандислик-қурилиш институти,Ўзбекистон Республикаси Фанлар академияси М.Т.Ўрозбоев номидаги Механика,1,exact-fold
«Ўзбекистон Республикаси Фанлар академияси М.Т.Ўрозбоев номидаги Механика ва иншоотлар сейсмик мустаҳкамлиги институти»,Ўзбекистон Республикаси Фанлар академияси М.Т.Ўрозбоев номидаги Механика,1,exact-fold
М.Т. Ўрозбоев номидаги Механика ва иншоотлар сейсмик мустаҳкамлиги институти,Ўзбекистон Республикаси Фанлар академияси М.Т.Ўрозбоев номидаги Механика,1,curated-group
Ўзбекистон Республикаси Фанлар Академияси Механика ва иншоотлар сейсмик мустаҳкамлиги институтида,Ўзбекистон Республикаси Фанлар академияси М.Т.Ўрозбоев номидаги Механика,1,curated-group
Ўзбекистон Республикаси Фанлар Академияси Механика ва иншоотларнинг сейсмик мустаҳкамлиги институти ва Тошкент архитектура қурилиш университети,Ўзбекистон Республикаси Фанлар академияси М.Т.Ўрозбоев номидаги Механика,1,curated-group
"Ўзбекистон Республикаси Фанлар академияси Навоий бўлими, Навоий давлат кончилик ва технологиялар университети",Ўзбекистон Республикаси Фанлар академияси Навоий бўлими,2,exact-fold
Ўзбекистон Республикаси Фанлар академияси Полимерлар кимёси ва физикаси институти,Ўзбекистон Республикаси Фанлар академияси Полимерлар кимёси,13,exact-fold
Ўзбекистон Республикаси Фанлар академияси Полимерлар кимёси ва физикаси институти ҳамда Андижон давлат университети,Ўзбекистон Республикаси Фанлар академияси Полимерлар кимёси,1,exact-fold
Ўзбекистон Республикаси Фанлар Aкадемияси Тарих институти,Ўзбекистон Республикаси Фанлар академияси Тарих институти,1,exact-fold
Ўзбекистон Республикаси Фанлар Академияси “Энергетика муаммолари институти”,Ўзбекистон Республикаси Фанлар академияси Энергетика муаммолари институти,1,exact-fold
Ядро физикаси институти,Ўзбекистон Республикаси Фанлар академияси Ядро физикаси институти,14,curated-group
"Ўзбекистон Республикаси Фанлар Академияси Ядро физикаси институти, “Радиопрепарат” Давлат Корхонаси",Ўзбекистон Республикаси Фанлар академияси Ядро физикаси институти,3,exact-fold
Ядро физикаси институти ва Астрономия институти,Ўзбекистон Республикаси Фанлар академияси Ядро физикаси институти,3,curated-group
Ўзбекистон Республикаси Фанлар акдемияси Ядро физикаси институти,Ўзбекистон Республикаси Фанлар академияси Ядро физикаси институти,2,curated-group
Ўзбекистон Республикаси Фанлар Академияси Ядро физикаси институти ва Шароф Рашидов номидаги Самарқанд давлат университети,Ўзбекистон Республикаси Фанлар академияси Ядро физикаси институти,1,exact-fold
"Ядро физикаси институти, Андижон давлат университети",Ўзбекистон Республикаси Фанлар академияси Ядро физикаси институти,1,curated-group
"Ядро физикаси институти, Бирлашган ядро тадқиқотлари институти (Дубна, Россия)",Ўзбекистон Республикаси Фанлар академияси Ядро физикаси институти,1,curated-group
Ўзбекистон Республикаси Фанлар акдемияси Ядро физикаси институти ва Навоий давлат кончилик институти,Ўзбекистон Республикаси Фанлар академияси Ядро физикаси институти,1,curated-group
Ўзбекистон Распубликаси Фанлар Академияси Ядро Физикаси институти,Ўзбекистон Республикаси Фанлар академияси Ядро физикаси институти,1,typo
Ўзбекистон Республикаси Фанлар академияси Қорақалпоғистон бўлими Қарақалпақ гуманитар фанлар,Ўзбекистон Республикаси Фанлар академияси Қорақалпоғистон бўлими Қорақалпоқ гуманитар фанлар,1,typo
Ўзбекистон Республикаси Қуролли кучлари ҳарбий-тиббиёт академияси,Ўзбекистон Республикаси Қуролли Кучлари Ҳарбий тиббиёт академияси,1,exact-fold
Ўзбекистон давлат жаҳон тиллар университети,Ўзбекистон давлат жаҳон тиллари университети,20,curated-group
Оʻзбекистон давлат жаҳон тиллари университети,Ўзбекистон давлат жаҳон тиллари университети,2,exact-fold
Ўзбекистон давлат жахон тиллари университети,Ўзбекистон давлат жаҳон тиллари университети,2,typo
Ўзбекистон давлат жаҳон тиллари унIVерситети,Ўзбекистон давлат жаҳон тиллари университети,1,exact-fold
Ўзбекистон давлат жаҳон университети,Ўзбекистон давлат жаҳон тиллари университети,1,curated
Ўзбекистон кимё фармацевтика,Ўзбекистон кимё-фармацевтика,1,exact-fold
Ўзбeкистон кимё-фармацeвтика,Ўзбекистон кимё-фармацевтика,1,exact-fold
Оʻзбекистон миллий педагогика университети,Ўзбекистон миллий педагогика университети,3,exact-fold
"Ўзбекистон миллий педагогика университети, DSc.01/2025.27.12.Р.03.02",Ўзбекистон миллий педагогика университети,1,exact-fold
Ўзбекистон миллий давлат педагогика университети,Ўзбекистон миллий педагогика университети,1,curated
Ўзбекистон милий педагогика университети,Ўзбекистон миллий педагогика университети,1,typo
Ўзбекистон миллий педагогика университени,Ўзбекистон миллий педагогика университети,1,typo
Ўзбекситон миллий педагогика университети,Ўзбекистон миллий педагогика университети,1,typo
Ўзбекистoн педагoгика фанлари,Ўзбекистон педагогика фанлари,1,exact-fold
“Ўзбекистон табиий толалар,Ўзбекистон табиий толалар,1,exact-fold
Ўзбекистон-Финландия педагогика институтида бажарилган,Ўзбекистон-Финландия педагогика институти,1,exact-fold
"Ўрта махсус, касб-ҳунар таълими тизими кадрларининг малакасини ошириш ва уларни қайта тайёрлаш институти",Ўрта махсус касб-ҳунар таълими тизими кадрларининг малакасини ошириш ва уларни қайта тайёрлаш институти,2,exact-fold
"Ўсимлик моддалари кимёси институти, Korea Food Research Institute",Ўсимлик моддалари кимёси институти,1,exact-fold
"Ўсимлик моддалари кимёси институти, Қорақалпоқ давлат университети",Ўсимлик моддалари кимёси институти,1,exact-fold
"Ўсимлик моддалари кимёси институти, Тошкент Давлат аграр унIVерситети",Ўсимлик моддалари кимёси институти,1,exact-fold
Ўзбекистон Республикаси Фанлар Aкадемияси Ўсимлик моддалари кимёси институти,Ўсимлик моддалари кимёси институти,1,curated-group
Ўзбекистон Республикаси Фанлар академияси Ўсимлик моддалари кимёси институти,Ўсимлик моддалари кимёси институти,1,curated-group
Ўсимликлaр кaрaнтини вa ҳимояси,Ўсимликлар карантини ва ҳимояси,1,exact-fold
А.Авлоний номидаги педагогларни касбий ривожлантириш ва янги методикаларга ўргатиш миллий-,А.Авлоний номидаги педагогларни касбий ривожлантириш ва янги методикаларга ўргатиш миллий,6,exact-fold
Aбдулла Қодирий номидаги Жиззах давлат педагогика университети,Абдулла Қодирий номидаги Жиззах давлат педагогика университети,1,exact-fold
Абу Али ибн Сино номидаги Бухоро давлат тиббиёт институтида бажарилган,Абу Али ибн Сино номидаги Бухоро давлат тиббиёт институти,2,exact-fold
“Ажиниёз номидаги Нукус давлат педагогика институти”,Ажиниёз номидаги Нукус давлат педагогика институти,2,exact-fold
Ажиниёз номидаги Нукус давлат педагогика институти ва Беларус миллий фанлар академияси физика-техника институти,Ажиниёз номидаги Нукус давлат педагогика институти,1,exact-fold
Ё.Х. Тўрақулов номидаги Республика ихтисослаштирилган эндокринология,Академик Ё.Х.Тўрақулов номидаги Республика ихтисослаштирилган эндокринология,6,curated-group
Ё.Х.Тўрақулов номидаги Республика ихтисослаштирилган эндокринология,Академик Ё.Х.Тўрақулов номидаги Республика ихтисослаштирилган эндокринология,4,curated-group
академик Я.Х. Тўрақулов номидаги Республика ихтисослаштирилган эндокринология,Академик Ё.Х.Тўрақулов номидаги Республика ихтисослаштирилган эндокринология,4,curated-group
Академик Ё.Х.Тўрақулов номидаги Республика ихтисослаштирилган,Академик Ё.Х.Тўрақулов номидаги Республика ихтисослаштирилган эндокринология,3,curated-group
Академик Я.Х.Тўрақулов номидаги Республика ихтисослаштирилган эндокринология,Академик Ё.Х.Тўрақулов номидаги Республика ихтисослаштирилган эндокринология,2,curated-group
Академик Ё.Х. Тўрақулов номидаги Республика ихтисослаштирилган,Академик Ё.Х.Тўрақулов номидаги Республика ихтисослаштирилган эндокринология,2,curated-group
Академик Ё.Х. Тўрақулов номидаги Республика ихтисослаштирилган эндокринология,Академик Ё.Х.Тўрақулов номидаги Республика ихтисослаштирилган эндокринология,1,exact-fold
Aкадемик Ё.Х.Тўрақулов номидаги Республика ихтисослаштирилган ендокринология,Академик Ё.Х.Тўрақулов номидаги Республика ихтисослаштирилган эндокринология,1,exact-fold
Aкадемик Ё.Х.Тўрақулов номидаги Республика ихтисослаштирилган эндокринология,Академик Ё.Х.Тўрақулов номидаги Республика ихтисослаштирилган эндокринология,1,exact-fold
“Академик В.Воҳидов номидаги Республика ихтисослаштирилган хирургия,Академик В.Воҳидов номидаги Республика ихтисослаштирилган хирургия,10,exact-fold
“Академик В.Вохидов номидаги Республика ихтисослаштирилган хирургия,Академик В.Воҳидов номидаги Республика ихтисослаштирилган хирургия,8,curated-group
«Академик В.Воҳидов номидаги Республика ихтисослаштирилган хирургия,Академик В.Воҳидов номидаги Республика ихтисослаштирилган хирургия,6,exact-fold
Академик В.Вохидов номидаги Республика ихтисослаштирилган хирургия,Академик В.Воҳидов номидаги Республика ихтисослаштирилган хирургия,6,curated-group
«Академик В.Вохидов номидаги Республика ихтисослаштирилган хирургия,Академик В.Воҳидов номидаги Республика ихтисослаштирилган хирургия,2,curated-group
«Академик. В. Вохидов номидаги Республика ихтисослаштирилган,Академик В.Воҳидов номидаги Республика ихтисослаштирилган хирургия,2,curated-group
Aкадемик В.Воҳидов номидаги Республика ихтисослаштирилган хирургия,Академик В.Воҳидов номидаги Республика ихтисослаштирилган хирургия,1,exact-fold
академик В.Вохидов номидаги Республика ихтисослаштирилган,Академик В.Воҳидов номидаги Республика ихтисослаштирилган хирургия,1,curated-group
"Академик М.М. Мирзаев номидаги богʻдорчилик, узумчилик ва виночилик","Академик М.М. Мирзаев номидаги боғдорчилик, узумчилик ва виночилик",1,exact-fold
академик Ш.Алимов номидаги Республика ихтисослаштирилган фтизиатрия ва пулмонология,Академик Ш.Алимов номидаги Республика ихтисослаштирилган фтизиатрия ва пульмонология,2,exact-fold
Aлишер Навоий номидаги Тошкент давлат ўзбек тили ва адабиёти университети,Алишер Навоий номидаги Тошкент давлат ўзбек тили ва адабиёти университети,16,exact-fold
Алишер Навоий номидаги Тошкент давлат оʻзбек тили ва адабиёти университети,Алишер Навоий номидаги Тошкент давлат ўзбек тили ва адабиёти университети,5,exact-fold
Алишер Навоий номидаги Тошкент давлат оʻзбек тили ва адабиёти университетида,Алишер Навоий номидаги Тошкент давлат ўзбек тили ва адабиёти университети,2,exact-fold
Алишер Навоий номидаги Тошкент давлат ўзбек тили ва адабиёти,Алишер Навоий номидаги Тошкент давлат ўзбек тили ва адабиёти университети,2,curated
Алишер Навоий номидаги Тошкент давлат о'збек тили ва адабиёти университети,Алишер Навоий номидаги Тошкент давлат ўзбек тили ва адабиёти университети,1,exact-fold
Алишер Навоий номидаги ўзбек тили ва адабиёти университети,Алишер Навоий номидаги Тошкент давлат ўзбек тили ва адабиёти университети,1,curated
Алишер Навоий номидаги Тошкент давлат ўзбек тили ва университети,Алишер Навоий номидаги Тошкент давлат ўзбек тили ва адабиёти университети,1,curated
Алишер Навоий номидаги Тошкент давлат ўзбек тили ва адабиёти университети «Ўзбек тилшунослиги» кафедраси,Алишер Навоий номидаги Тошкент давлат ўзбек тили ва адабиёти университети,1,curated
Aндижон давлат педагогика институти,Андижон давлат педагогика институти,1,exact-fold
Андижон давлат педагогика институтида,Андижон давлат педагогика институти,1,exact-fold
Андижон давлат педогогика институти,Андижон давлат педагогика институти,1,typo
Андижон давлат техника институтида,Андижон давлат техника институти,1,exact-fold
Андижон давлат тиббиёт институтида бажарилган,Андижон давлат тиббиёт институти,4,exact-fold
Андижон тиббиёт институти,Андижон давлат тиббиёт институти,4,curated
Aндижон давлат тиббиёт институти,Андижон давлат тиббиёт институти,3,exact-fold
Андижон давлат тиббиет институти,Андижон давлат тиббиёт институти,1,exact-fold
"Андижон давлат тиббиёт институти, академик В.Воҳидов номидаги Республика ихтисослаштирилган хирургия",Андижон давлат тиббиёт институти,1,exact-fold
"Андижон давлат тиббиёт институти, Республика ихтисослаштирилган эпидемиология, микробиология, юқумли ва паразитар касалликлар",Андижон давлат тиббиёт институти,1,exact-fold
Андижон давлат тиббиёт тиббиёт институти,Андижон давлат тиббиёт институти,1,curated
Андидон давлат тиббиёт институти,Андижон давлат тиббиёт институти,1,typo
Андижон давлат тиббийот институти,Андижон давлат тиббиёт институти,1,typo
Андижонм давлат тиббиёт институти,Андижон давлат тиббиёт институти,1,typo
Aндижон давлат университети,Андижон давлат университети,11,exact-fold
Андижон давлат университети ва Андижон машинасозлик институти,Андижон давлат университети,3,exact-fold
“Андижон давлат университети”,Андижон давлат университети,3,exact-fold
Андижон давлар университети,Андижон давлат университети,2,typo
Андижон давлат униварситети,Андижон давлат университети,2,typo
Aндижoн дaвлaт университети,Андижон давлат университети,1,exact-fold
Андижон давлат университети ва Андижон давлат педагогика институти,Андижон давлат университети,1,exact-fold
Андижон давлат университети ва Наманган муҳандислик-технология институти,Андижон давлат университети,1,exact-fold
"Андижон давлат университети, Фарғона давлат университети",Андижон давлат университети,1,exact-fold
"Андижон давлат университети, Фарғона политехника институти",Андижон давлат университети,1,exact-fold
"Андижон давлат университети, Наманган тўқимачилик саноати институти",Андижон давлат университети,1,exact-fold
"Андижон давлат университети, Ўсимлик моддалари кимёси институти",Андижон давлат университети,1,exact-fold
“Aндижон давлат университети”,Андижон давлат университети,1,exact-fold
Андижон давлат чет тиллар институти,Андижон давлат чет тиллари институти,2,typo
Aндижон давлат чет тиллари институти,Андижон давлат чет тиллари институти,1,exact-fold
"Андижон давлат чет тиллари институти, DSc.03/2025.27.12.Fil.32.02",Андижон давлат чет тиллари институти,1,exact-fold
Aндижон давлат чет тилари институти,Андижон давлат чет тиллари институти,1,typo
Андижон давлат чет тиллар иститути,Андижон давлат чет тиллари институти,1,typo
Aндижон машинасозлик институти,Андижон машинасозлик институти,5,exact-fold
Андижон машинасозлик институтида,Андижон машинасозлик институти,3,exact-fold
“Андижон машинасозлик институти”,Андижон машинасозлик институти,2,exact-fold
Андижон машинасозлик институти ва Наманган давлат университети,Андижон машинасозлик институти,1,exact-fold
"Андижон Машинасозлик институти, Наманган тўқимачилик саноати институти",Андижон машинасозлик институти,1,exact-fold
Aндижон машинасозлик институтида бажарилган,Андижон машинасозлик институти,1,exact-fold
Андижон машинасозлик институтида бажарилган,Андижон машинасозлик институти,1,exact-fold
Андижан машинасозлик институти,Андижон машинасозлик институти,1,typo
Андижон машинасолик институти,Андижон машинасозлик институти,1,typo
Андижон машинасозлик иниститути,Андижон машинасозлик институти,1,typo
Андижон машинасозлик инситути,Андижон машинасозлик институти,1,typo
Андижон қишлоқ хўжалиги ва агротехнологиялари институти,Андижон қишлоқ хўжалиги ва агротехнологиялар институти,12,curated-group
Aндижон қишлоқ хўжалиги ва агротехнологиялар институти,Андижон қишлоқ хўжалиги ва агротехнологиялар институти,5,exact-fold
Андижон қишлоқ хоъжалиги ва агротехнологиялар институти,Андижон қишлоқ хўжалиги ва агротехнологиялар институти,3,exact-fold
Aндижoн қишлoқ хўжaлиги вa aгрoтехнoлoгиялaри институти,Андижон қишлоқ хўжалиги ва агротехнологиялар институти,2,curated-group
Aндижон қишлоқ хўжалиги ва агротехнологиялари институти,Андижон қишлоқ хўжалиги ва агротехнологиялар институти,2,curated-group
"Андижон қишлоқ хўжалиги ва агротехнологиялар институти, Ўсимлик моддалари кимёси институти",Андижон қишлоқ хўжалиги ва агротехнологиялар институти,1,exact-fold
Андижон қишлоқ хўжалиги ва агротехнологиялар институтида бажарилган,Андижон қишлоқ хўжалиги ва агротехнологиялар институти,1,exact-fold
Андижон қишлоқ хоʻжалиги ва агротехнологиялар институти,Андижон қишлоқ хўжалиги ва агротехнологиялар институти,1,exact-fold
“Андижон қишлоқ хўжалиги ва агротехнологиялар институти”,Андижон қишлоқ хўжалиги ва агротехнологиялар институти,1,exact-fold
Андижон қишлоқ ҳўжалиги ва агротехнологиялар инситути,Андижон қишлоқ хўжалиги ва агротехнологиялар институти,1,typo
Андижон қишлоқ ҳўжалиги ва агротехнологиялар институти,Андижон қишлоқ хўжалиги ва агротехнологиялар институти,1,typo
Андижон қишлоқ хўжалиги ва агротехнологиялар иснтитути,Андижон қишлоқ хўжалиги ва агротехнологиялар институти,1,typo
Ўзбекистон Республикаси Фанлар академияси Астрономия институти,Астрономия институти,4,curated-group
"Астрономия институти, Ўзбекистон Миллий университети",Астрономия институти,1,exact-fold
Ўзбекистон Республикаси Фанлар Академияси Астрономия институти ва Фундаментал ва Амалий Тадқиқотлар институти,Астрономия институти,1,curated-group
Атроф - муҳит ва табиатни муҳофаза қилиш технологиялари,Атроф-муҳит ва табиатни муҳофаза қилиш технологиялари,1,exact-fold
Атроф муҳит ва табиатни муҳофаза қилиш технологиялари,Атроф-муҳит ва табиатни муҳофаза қилиш технологиялари,1,exact-fold
Атроф-муҳит ва табиатни муҳофаза-қилиш технологиялари,Атроф-муҳит ва табиатни муҳофаза қилиш технологиялари,1,exact-fold
Бердақ номидаги Қорақалпоқ давлат университети ва Ислом Каримов номидаги Тошкент давлат техника университети,Бердақ номидаги Қорақалпоқ давлат университети,3,exact-fold
Бердақ номидаги Қорақалпоқ давлат универcитети,Бердақ номидаги Қорақалпоқ давлат университети,1,exact-fold
Бердақ номидаги Қoрақалпоқ давлат университети,Бердақ номидаги Қорақалпоқ давлат университети,1,exact-fold
Бердақ номидаги Қорақалпоқ давлат университети ва Ажиниёз номидаги Нукус давлат педагогика институти,Бердақ номидаги Қорақалпоқ давлат университети,1,exact-fold
Бердақ номидаги Қорақалпоқ давлат университетида бажарилган,Бердақ номидаги Қорақалпоқ давлат университети,1,exact-fold
«Бердақ номидаги Қорақалпоқ Давлат университети»,Бердақ номидаги Қорақалпоқ давлат университети,1,exact-fold
Бердах номидаги Қорақалпоқ давлат университети,Бердақ номидаги Қорақалпоқ давлат университети,1,curated-group
Бердах номидаги Қорақалпоқ давлат университетида бажарилган,Бердақ номидаги Қорақалпоқ давлат университети,1,curated-group
Бердақ номидаги Қарақалпоқ давлат университети,Бердақ номидаги Қорақалпоқ давлат университети,1,typo
Бердоқ номидаги Қорақалпоқ давлат университети,Бердақ номидаги Қорақалпоқ давлат университети,1,typo
Бердоқ номидаги Қорақолпақ давлат университети,Бердақ номидаги Қорақалпоқ давлат университети,1,typo
Биоорганик кимё институти ва Ўзбекистон Миллий университети ҳузуридаги Биофизика ва биокимё институти,Биоорганик кимё институти,1,exact-fold
"Биоорганик кимё институти, Пернамбуко Федерал университети (Бразилия)",Биоорганик кимё институти,1,exact-fold
"Биоорганик кимё институти, Синьцзян Физика-кимё техника институти",Биоорганик кимё институти,1,exact-fold
Бирлашган Араб Амирликлари университети ва Математика институти,Бирлашган Араб Амирликлари университети,2,exact-fold
Бирлашган Араб Амирликлари университети ва В.И.Романовский номидаги Математика институти,Бирлашган Араб Амирликлари университети,1,exact-fold
Ўзбекистон Республикаси Бош прокуратураси Академияси,Бош прокуратура Академияси,6,curated-group
Бош прокуратура Aкадемияси,Бош прокуратура Академияси,1,exact-fold
Ўзбекистон Республикаси Бош прокуратураси Aкадемияси,Бош прокуратура Академияси,1,curated-group
Бухоро давлат техника университетида,Бухоро давлат техника университети,3,exact-fold
Бухоро давлат техника университети (олдинги Бухоро муҳандислик-технология институти),Бухоро давлат техника университети,1,exact-fold
Бухоро давлат тиббиёт институти ва Тошкент врачлар малакасини ошириш институтида бажарилган,Бухоро давлат тиббиёт институти,2,exact-fold
"Бухоро давлат тиббиёт институти, Тошкент врачлар малакасини ошириш институти",Бухоро давлат тиббиёт институти,2,exact-fold
Бухоро давлат тиббиёт интситути,Бухоро давлат тиббиёт институти,2,typo
Бухоро давлат тиббиёт институти ва Тошкент давлат стоматология институтларида бажарилган,Бухоро давлат тиббиёт институти,1,exact-fold
Бухоро давлат тиббиёт институти ва Тошкент тиббиёт академияси Урганч филиалида бажарилган,Бухоро давлат тиббиёт институти,1,exact-fold
Бухоро давлат тиббиёт институти ва Тошкент врачлар малакасини ошириш институти,Бухоро давлат тиббиёт институти,1,exact-fold
"Бухоро давлат тиббиёт институти, Бухоро вилоят фтизиатрия ва пульмонология маркази",Бухоро давлат тиббиёт институти,1,exact-fold
"Бухоро давлат тиббиёт институти, Республика ихтисослаштирилган эпидемиология, микробиология, юқумли ва паразитар касалликлар",Бухоро давлат тиббиёт институти,1,exact-fold
"Бухоро давлат тиббиёт институти, Тошкент тиббиёт академияси",Бухоро давлат тиббиёт институти,1,exact-fold
Бухоро давлат тиббиёт институтида бажарилган,Бухоро давлат тиббиёт институти,1,exact-fold
Бухоро тиббиёт институти,Бухоро давлат тиббиёт институти,1,curated
Бухоро давлат тиббиѐт институти,Бухоро давлат тиббиёт институти,1,typo
Бухоро давлат тиббёт институти,Бухоро давлат тиббиёт институти,1,typo
Бухоро давлат университетида,Бухоро давлат университети,3,exact-fold
Бухоро давлат уневерситети,Бухоро давлат университети,2,typo
Бухоро давлат унIVерситети,Бухоро давлат университети,1,exact-fold
Бухоро давлат университети ва ЎзР ФА В.И. Романовский номидаги Математика институти Бухоро бўлинмаси,Бухоро давлат университети,1,exact-fold
Бухоро давлат университети ва В.И. Романовский номидаги Математика институти Бухоро бўлинмаси,Бухоро давлат университети,1,exact-fold
"Бухоро давлат университети, Ўзбекистон Миллий университети",Бухоро давлат университети,1,exact-fold
"Бухоро давлат университети, Пахта селекцияси, уруғчилиги, етиштириш агротехнологиялари",Бухоро давлат университети,1,exact-fold
"Бухоро давлат университети, Тупроқшунослик ва агрокимё",Бухоро давлат университети,1,exact-fold
Бухоро давлат унивеситети,Бухоро давлат университети,1,typo
Бухоро муҳандислик- технология институти,Бухоро муҳандислик-технология институти,18,exact-fold
Бухоро мухандислик-технология институти,Бухоро муҳандислик-технология институти,14,curated-group
Бухоро муҳандислик технология институти,Бухоро муҳандислик-технология институти,9,exact-fold
Бухоро муҳандислик–технология институти,Бухоро муҳандислик-технология институти,6,exact-fold
Бухоро муҳандислик - технология институти,Бухоро муҳандислик-технология институти,3,exact-fold
Бухоро муҳандислик-технология иститути,Бухоро муҳандислик-технология институти,3,typo
Бухоро мухандислик- технология институти,Бухоро муҳандислик-технология институти,2,curated-group
Бухоро мухандислик–технология институти,Бухоро муҳандислик-технология институти,2,curated-group
Буxоро муҳандислик-теxнология институти,Бухоро муҳандислик-технология институти,1,exact-fold
Бухоро муҳандислик-технология институтида,Бухоро муҳандислик-технология институти,1,exact-fold
Бухоро муҳандислик-технология институтида бажарилган,Бухоро муҳандислик-технология институти,1,exact-fold
Бухоро мухандислик - технология институти,Бухоро муҳандислик-технология институти,1,curated-group
Бухоро мухандислик технология институти,Бухоро муҳандислик-технология институти,1,curated-group
«Бухоро мухандислик-технология институти»,Бухоро муҳандислик-технология институти,1,curated-group
Бухоро муҳадислик-технология институти,Бухоро муҳандислик-технология институти,1,typo
Бухоро муҳандислик технологиялар институти,Бухоро муҳандислик-технология институти,1,typo
Бухоро муҳандислик-технология инстиути,Бухоро муҳандислик-технология институти,1,typo
В.И. Романовский номидаги Математика институти,В.И.Романовский номидаги Математика институти,30,exact-fold
ЎзРФА В.И.Романовский номидаги Математика институти,В.И.Романовский номидаги Математика институти,6,curated-group
В. И. Романовский номидаги Математика институти,В.И.Романовский номидаги Математика институти,4,exact-fold
ЎзР ФА В.И.Романовский номидаги Математика институти,В.И.Романовский номидаги Математика институти,4,curated-group
Ўзбекистон Республикаси Фанлар Академияси В.И. Романовский номидаги Математика институти,В.И.Романовский номидаги Математика институти,3,curated-group
В.И.Романовский номидаги Математика институти ва Тошкент кимё-технологиялари институти,В.И.Романовский номидаги Математика институти,1,exact-fold
В.И.Романовский номидаги Математика институти ва Урганч давлат университети,В.И.Романовский номидаги Математика институти,1,exact-fold
ЎзРФА В.И.Романовский номидаги Математика институти ва Тошкент давлат транспорт университети,В.И.Романовский номидаги Математика институти,1,curated-group
ЎзР ФA В.И.Романовский номидаги Математика институти,В.И.Романовский номидаги Математика институти,1,curated-group
Ўзбекистон Республикаси фанлар академияси В.И.Романовский номидаги Математика институти,В.И.Романовский номидаги Математика институти,1,curated-group
В.И. Романовский номидаги Математика институте ва Россия Фанлар академияси Владикавказ,В.И.Романовский номидаги Математика институти,1,typo
Г.В. Плеханов номидаги Россия иқтисодиёт университетининг Тошкент шаҳридаги филиали,Г.В.Плеханов номидаги Россия иқтисодиёт университетининг Тошкент шаҳридаги филиали,2,exact-fold
Генетика ва ўсимликлар экспериментал биология институти,Генетика ва ўсимликлар экспериментал биологияси институти,1,typo
“Геология ва геофизика институти” ДМ,Геология ва геофизика институти ДМ,1,exact-fold
Гулистон давлат унверситети,Гулистон давлат университети,5,typo
Гулистон давлат университетида бажарилган,Гулистон давлат университети,1,exact-fold
Гулистон давлат универститети,Гулистон давлат университети,1,typo
"Денов тадбиркорлик ва педагогика институти, Мирзо Улуғбек номидаги Ўзбекистон Миллий университети",Денов тадбиркорлик ва педагогика институти,1,exact-fold
Денов тадбиркорлик ва педагогика институтида,Денов тадбиркорлик ва педагогика институти,1,exact-fold
Денов тадбиркорлик ва педагагика институти,Денов тадбиркорлик ва педагогика институти,1,typo
Дон ва дуккакли екинлар,Дон ва дуккакли экинлар,1,exact-fold
Дон ва дукакли экинлар,Дон ва дуккакли экинлар,1,typo
Дон ва дуккакли экинлари,Дон ва дуккакли экинлар,1,typo
Жaнубий деҳқoнчилик,Жанубий деҳқончилик,1,exact-fold
Жиззах давлат педагогика институтида бажарилган,Жиззах давлат педагогика институти,3,exact-fold
Жиззах политехника институти ва Наманган муҳандислик-технология институти,Жиззах политехника институти,1,exact-fold
Жиззах политехника институти ва Тошкент тўқимачилик ва енгил саноат институти,Жиззах политехника институти,1,exact-fold
“Жиззах политехника институти”,Жиззах политехника институти,1,exact-fold
Жизах политехника институти,Жиззах политехника институти,1,typo
Жиззах политехника иниститути,Жиззах политехника институти,1,typo
Жиззах политхника институти,Жиззах политехника институти,1,typo
Заҳириддин Муҳаммад Бобур номидаги Андижон давлат университети ва Муҳаммад ал-Хоразмий номидаги Тошкент ахборот технологиялари университети,Заҳириддин Муҳаммад Бобур номидаги Андижон давлат университети,1,exact-fold
З.М. Бобур номидаги Андижон давлат университети,Заҳириддин Муҳаммад Бобур номидаги Андижон давлат университети,1,curated-group
З.М.Бобур номидаги Андижон давлат университети,Заҳириддин Муҳаммад Бобур номидаги Андижон давлат университети,1,curated-group
"Иммунология ва инсон геномикаси институти, DSc.02/30.12.2019.Tib.50.01",Иммунология ва инсон геномикаси институти,2,exact-fold
Иммунология ва инсон геномикаси институтида бажарилган,Иммунология ва инсон геномикаси институти,2,exact-fold
"Иммунология ва инсон геномикаси институти, РИЭМЮПКИАТМнинг Вирусология",Иммунология ва инсон геномикаси институти,1,exact-fold
Иммунология ва инсон геномика институти,Иммунология ва инсон геномикаси институти,1,typo
Ирригация ва сув муамолари,Ирригация ва сув муаммолари,1,typo
И.Каримов номидаги Тошкент давлат техника университети,Ислом Каримов номидаги Тошкент давлат техника университети,8,curated-group
Ислом Каримов номидаги Тошкент давлат техника университети ва “Янги Ўзбекистон” университети,Ислом Каримов номидаги Тошкент давлат техника университети,2,exact-fold
“Ислом Каримов номидаги Тошкент давлат техника университети”,Ислом Каримов номидаги Тошкент давлат техника университети,2,exact-fold
Ислом Каримов номидаги Тошкент давлат техника университети.),Ислом Каримов номидаги Тошкент давлат техника университети,1,exact-fold
И Каримов номидаги Тошкент давлат техника университети,Ислом Каримов номидаги Тошкент давлат техника университети,1,curated-group
И. Каримов номидаги Тошкент давлат техника университети,Ислом Каримов номидаги Тошкент давлат техника университети,1,curated-group
"И. Каримов номидаги Тошкент давлат техника университети, Самарқанд давлат университети",Ислом Каримов номидаги Тошкент давлат техника университети,1,curated-group
Ислом Каримов номидаги Тошкент давлат тйехника университети,Ислом Каримов номидаги Тошкент давлат техника университети,1,typo
Ислом Кариомов номидаги Тошкент давлат техника университети,Ислом Каримов номидаги Тошкент давлат техника университети,1,typo
Й. Гʻуломов номидаги Самарқанд археология институти,Й. Ғуломов номидаги Самарқанд археология институти,1,exact-fold
Кадрлар малакасини ошириш ва статистик тадқиқотлар институтида бажарилган,Кадрлар малакасини ошириш ва статистик тадқиқотлар институти,1,exact-fold
Камолиддин Беҳзод номидаги Миллий рассомлик ва дизайн иснтитути,Камолиддин Беҳзод номидаги Миллий рассомлик ва дизайн институти,1,typo
Камолиддин Бехзод номидаги Миллий рассомлик ва дизайн институти,Камолиддин Беҳзод номидаги Миллий рассомлик ва дизайн институти,1,typo
Касбий таʼлимни ривожлантириш институти,Касбий таълимни ривожлантириш институти,1,exact-fold
Лaлмикор деҳқончилик,Лалмикор деҳқончилик,1,exact-fold
Математика институти ва Ўзбекистон Миллий университети,Математика институти,1,exact-fold
Математика институти ва Тошкент давлат иқтисодиёт университети,Математика институти,1,exact-fold
Математика институти ва Урганч давлат университети,Математика институти,1,exact-fold
"Математика институти, Наманган давлат университети",Математика институти,1,exact-fold
Миллий технологик тадқиқотлар университети “МИСИС”нинг Олмалиқ шаҳридаги филиали,Миллий технологик тадқиқотлар университети «МИСИС»нинг Олмалиқ шаҳридаги филиали,3,exact-fold
Мирзо Улугʻбек номидаги Оʻзбекистон Миллий университети,Мирзо Улуғбек номидаги Ўзбекистон Миллий университети,3,exact-fold
Мирзо Улуғбек номидаги Оʻзбекистон Миллий университети,Мирзо Улуғбек номидаги Ўзбекистон Миллий университети,2,exact-fold
Мирзо Улуғбек номидаги Ўзбекистон миллий университети ва Фарғона давлат университети,Мирзо Улуғбек номидаги Ўзбекистон Миллий университети,1,exact-fold
Мирзо Улуғбек номидаги Ўзбекистон Миллий университети ва Витус Беринг номидаги Камчатка давлат университети,Мирзо Улуғбек номидаги Ўзбекистон Миллий университети,1,exact-fold
"Мирзо Улуғбек номидаги Ўзбекистон Миллий университети, “Ўзбекистон-Япония ёшлар инновация маркази” ДМ",Мирзо Улуғбек номидаги Ўзбекистон Миллий университети,1,exact-fold
Мирзо Улуғбек номидаги Ўзбекистон Миллий университети:,Мирзо Улуғбек номидаги Ўзбекистон Миллий университети,1,exact-fold
Мирзо Улуғбек номидаги Ўзбекистон Миллий университетида бажарилган,Мирзо Улуғбек номидаги Ўзбекистон Миллий университети,1,exact-fold
Мирзо Улуғбек номидаги Ўзбекистон миллий университети ҳузуридаги Яримўтказгичлар физикаси ва микроэлектроника,Мирзо Улуғбек номидаги Ўзбекистон Миллий университети ҳузуридаги Яримўтказгичлар физикаси ва микроелектроника,3,exact-fold
Мирзо Улуғбек номидаги Ўзбекистон Миллий университети Жиззах филиали,Мирзо Улуғбек номидаги Ўзбекистон Миллий университетининг Жиззах филиали,3,curated-group
Мирзо Улугʻбек номидаги Ўзбекистон Миллий университетининг Жиззах филиали,Мирзо Улуғбек номидаги Ўзбекистон Миллий университетининг Жиззах филиали,1,exact-fold
"Мирзо Улуғбек номидаги Ўзбекистон Миллий университети Жиззах филиали, «Тошкент ирригация ва қишлоқ хўжалигини механизациялаш муҳандислари институти» Миллий",Мирзо Улуғбек номидаги Ўзбекистон Миллий университетининг Жиззах филиали,1,curated-group
“Мирзо Улуғбек номидаги Самарқанд давлат архитектура-қурилиш университети”,Мирзо Улуғбек номидаги Самарқанд давлат архитектура-қурилиш университети,6,exact-fold
Мирзо Улуғбек номидаги Самарқанд давлат архитектура – қурилиш университети,Мирзо Улуғбек номидаги Самарқанд давлат архитектура-қурилиш университети,2,exact-fold
Мирзо Улуғбек номидаги Самарқанд давлат архитектура-қурилиш университетида,Мирзо Улуғбек номидаги Самарқанд давлат архитектура-қурилиш университети,1,exact-fold
Мирзо Улугʻбек номидаги Самарқанд давлат архитектура-қурилиш университети,Мирзо Улуғбек номидаги Самарқанд давлат архитектура-қурилиш университети,1,exact-fold
Муқимий номидаги Қоʻқон давлат педагогика институти,Муқимий номидаги Қўқон Давлат педагогика институти,1,exact-fold
Муҳаммад ал-Хоразмий номидаги Тошкент ахборот технологиялари университетида бажарилган,Муҳаммад ал-Хоразмий номидаги Тошкент ахборот технологиялари университети,8,exact-fold
Муҳаммад-Aл Хоразмий номидаги Тошкент ахборот технологиялари университети,Муҳаммад ал-Хоразмий номидаги Тошкент ахборот технологиялари университети,1,exact-fold
Муҳаммад ал-Хоразмий номида Тошкент ахборот технологиялари университети,Муҳаммад ал-Хоразмий номидаги Тошкент ахборот технологиялари университети,1,typo
Муҳамммад ал-Хоразмий номидаги Тошкент ахборот технологиялари университети,Муҳаммад ал-Хоразмий номидаги Тошкент ахборот технологиялари университети,1,typo
Муҳаммад ал-Хоразмий номидаги Тошкент ахборот технологиялари университети ҳузуридаги Ахборот коммуникация- технологиялари,Муҳаммад ал-Хоразмий номидаги Тошкент ахборот технологиялари университети ҳузуридаги Ахборот-коммуникация технологиялари,1,exact-fold
Навоий давлат кончилик ва технология университети,Навоий давлат кончилик ва технологиялар университети,1,typo
Навоий давлат кончилик ва технологиялар универститети,Навоий давлат кончилик ва технологиялар университети,1,typo
Навоий давлат кончилик ва технологиялари университети,Навоий давлат кончилик ва технологиялар университети,1,typo
Навоий давлат кончилик ва технологиялвр университети,Навоий давлат кончилик ва технологиялар университети,1,typo
Навоий давлат кончлик ва технологиялар университети,Навоий давлат кончилик ва технологиялар университети,1,typo
"Навоий давлат кончилик институти, (Навоий давлат кончилик ва технологиялар университети.)",Навоий давлат кончилик институти,1,exact-fold
Навоий давлат педагогика институти ва Навоий давлат кончилик ва технологийлар университети,Навоий давлат педагогика институти,1,exact-fold
Навоий давлат педагогика институти ва Ўзбекистон-Финландия педагогика институти,Навоий давлат педагогика институти,1,exact-fold
Навои давлат педагогика институти,Навоий давлат педагогика институти,1,typo
Навоий давлат педагогика инстиути,Навоий давлат педагогика институти,1,typo
Навоий давлат педагогика иститути,Навоий давлат педагогика институти,1,typo
Навоий давлат университетида,Навоий давлат университети,2,exact-fold
Наманган давлат педагогика институтида бажарилган,Наманган давлат педагогика институти,1,exact-fold
"Наманган давлат техника университети, Наманган давлат университети",Наманган давлат техника университети,1,exact-fold
"Наманган давлат техника университети, Наманган тўқимачилик саноати институти",Наманган давлат техника университети,1,exact-fold
"Наманган давлат техника университети, Тошкент давлат аграр университети",Наманган давлат техника университети,1,exact-fold
"Наманган давлат техника университети, Тошкент фармацевтика институти",Наманган давлат техника университети,1,exact-fold
"Наманган давлат техника университети, Умумий ва ноорганик кимё институти",Наманган давлат техника университети,1,exact-fold
Наманган давлат техника универсисети,Наманган давлат техника университети,1,typo
Наманган давлат унверситети,Наманган давлат университети,6,typo
"Наманган давлат университети, Ўсимлик моддалари кимёси институти",Наманган давлат университети,3,exact-fold
"Наманган давлат университети, Ўзбекистон Миллий университети ҳузуридаги Биофизика ва биокимё институти",Наманган давлат университети,1,exact-fold
Наманган давлат университетида,Наманган давлат университети,1,exact-fold
Наманган давлат универдитети,Наманган давлат университети,1,typo
Наманган давлат универсттети,Наманган давлат университети,1,typo
"Наманган муҳандислик-технология институти, Умумий ва ноорганик кимё институти",Наманган муҳандислик-технология институти,19,exact-fold
Наманган муҳандислик технология институти,Наманган муҳандислик-технология институти,13,exact-fold
Наманган мухандислик-технология институти,Наманган муҳандислик-технология институти,5,curated-group
Наманган муҳандислик-технология иститути,Наманган муҳандислик-технология институти,5,typo
Наманган муҳандислик - технология институти,Наманган муҳандислик-технология институти,2,exact-fold
"Наманган муҳандислик-технология институти, Ўзбекистон миллий университети",Наманган муҳандислик-технология институти,2,exact-fold
Наманган муҳандислик–технология институти,Наманган муҳандислик-технология институти,2,exact-fold
Наманган муҳандислик -технология институти,Наманган муҳандислик-технология институти,1,exact-fold
"Наманган муҳандислик технология институти, Наманган муҳандислик қурилиш институти",Наманган муҳандислик-технология институти,1,exact-fold
"Наманган муҳандислик технология институти, Тошкент кимё-технология институти Шаҳрисабз филиали",Наманган муҳандислик-технология институти,1,exact-fold
Наманган муҳандислик-технология институти ва Фарғона давлат университети,Наманган муҳандислик-технология институти,1,exact-fold
Наманган муҳандислик-технология институти ва Наманган муҳандислик-қурилиш институти,Наманган муҳандислик-технология институти,1,exact-fold
"Наманган муҳандислик-технология институти, Наманган муҳандислик-қурилиш институти",Наманган муҳандислик-технология институти,1,exact-fold
"Наманган муҳандислик-технология институти, Ўсимлик моддалари кимёси институти",Наманган муҳандислик-технология институти,1,exact-fold
"Наманган муҳандислик-технология институти, Қўқон давлат педагогика институти",Наманган муҳандислик-технология институти,1,exact-fold
"Наманган муҳандислик-технология институти, Тошкент давлат аграр университети",Наманган муҳандислик-технология институти,1,exact-fold
"Наманган муҳандислик-технология институти, Тошкент фармацевтика институти",Наманган муҳандислик-технология институти,1,exact-fold
"Наманган муҳандислик-технология институти, Тошкент кимё-технология",Наманган муҳандислик-технология институти,1,exact-fold
"Наманган муҳандислик-технология институти, Тошкент кимё-технология институти",Наманган муҳандислик-технология институти,1,exact-fold
"Наманган муҳандислик-технология институти, Тошкент тўқимачилик ва енгил саноат институти",Наманган муҳандислик-технология институти,1,exact-fold
“Наманган муҳандислик-технология институти”,Наманган муҳандислик-технология институти,1,exact-fold
Наманган мухандислик технология институти ва Россия миллий таддқиқотлар технология университети МИСИС Олмалиқ филиали,Наманган муҳандислик-технология институти,1,curated-group
Наманган муҳандислик-техналогия институти,Наманган муҳандислик-технология институти,1,typo
Наманган муҳандислик-технология институт,Наманган муҳандислик-технология институти,1,typo
Наманган муҳандистлик технология институти,Наманган муҳандислик-технология институти,1,typo
Наманган мухандислик техналогия иниститути,Наманган муҳандислик-технология институти,1,typo
Наманган мухандислик технология нститути,Наманган муҳандислик-технология институти,1,typo
Наманган муҳандислик қурилиш институти,Наманган муҳандислик-қурилиш институти,2,exact-fold
Наманган муҳандислик – қурилиш институти,Наманган муҳандислик-қурилиш институти,1,exact-fold
Наманган муҳандислик-қурилиш институти ва Муҳаммад Ал-Хоразмий номидаги Тошкент ахборот технологиялари университети,Наманган муҳандислик-қурилиш институти,1,exact-fold
Наманган муҳандислик-қурилиш институтида,Наманган муҳандислик-қурилиш институти,1,exact-fold
Наманган муҳандислик-қурилиш институтида бажарилган,Наманган муҳандислик-қурилиш институти,1,exact-fold
Наманган мухандислик қурилиш институти,Наманган муҳандислик-қурилиш институти,1,curated-group
Наманган мухандислик-қурилиш институти,Наманган муҳандислик-қурилиш институти,1,curated-group
Наманган муандислик–қурилиш институти,Наманган муҳандислик-қурилиш институти,1,typo
Наманган муҳадислик-қурилиш институти,Наманган муҳандислик-қурилиш институти,1,typo
Нефт ва газ конлари геологияси ҳамда қидируви институти,Нефть ва газ конлари геологияси ҳамда қидируви институти,1,exact-fold
Нефт ва газ конлари геологияси ҳамда қидируви институти ДМ,Нефть ва газ конлари геологияси ҳамда қидируви институти,1,curated-group
Нефть ва газ конлари геологияси ҳамда қидируви институти ДМ,Нефть ва газ конлари геологияси ҳамда қидируви институти,1,curated-group
Ниозомий номидаги Ўзбекистон миллий педагогика университети,Низомий номидаги Ўзбекистон миллий педагогика университети,1,typo
Нукус давлат педагогика инситути,Нукус давлат педагогика институти,2,typo
Нукус дaвлaт педагогика институти,Нукус давлат педагогика институти,1,exact-fold
Нукус давлат педагогика институти ва Ўзбекистон Миллий университети ҳузуридаги Яримўтказгичлар физикаси ва микроелектроника,Нукус давлат педагогика институти,1,exact-fold
Нукус давлат педагогика институти ва В.И.Романовский номидаги Математика институти,Нукус давлат педагогика институти,1,exact-fold
“Нукус давлат педагогика институти”,Нукус давлат педагогика институти,1,exact-fold
Нукус давлар педагогика институти,Нукус давлат педагогика институти,1,typo
Нукус давлат педагогика индтитути,Нукус давлат педагогика институти,1,typo
Нукус давлат педагогика институт,Нукус давлат педагогика институти,1,typo
Нукус давлат педагогика институтини,Нукус давлат педагогика институти,1,typo
Нукус давлат педагогика инстиути,Нукус давлат педагогика институти,1,typo
Нукус давлат педагогика интитути,Нукус давлат педагогика институти,1,typo
Нукус давлат педгогика институти,Нукус давлат педагогика институти,1,typo
Озиқ-овқат технологияси ва муҳандислиги халқаро институти,Озиқ овқат технологияси ва муҳандислиги халқаро институти,1,exact-fold
"Озиқ-овқат технологияси ва муҳандислиги халқаро институти, Умумий ва ноорганик кимё институти",Озиқ овқат технологияси ва муҳандислиги халқаро институти,1,exact-fold
Озиқ -овқат ва қишлоқ хўжалиги соҳасида стратегик ривожланиш ва тадқиқотлар халқаро маркази,Озиқ-овқат ва қишлоқ хўжалиги соҳасида стратегик ривожланиш ва тадқиқотлар халқаро маркази,1,exact-fold
Ориэнтал университети,Ориентал университети,1,exact-fold
"Пaxтa cелекцияcи, уруғчилиги вa етиштириш aгрoтеxнoлoгиялaри","Пахта селекцияси, уруғчилиги ва етиштириш агротехнологиялари",2,exact-fold
"Пaхтa селекцияси, уруғчилиги вa етиштириш aгрoтехнoлoгиялaри","Пахта селекцияси, уруғчилиги ва етиштириш агротехнологиялари",1,exact-fold
"Пахта селексияси, уруғчилиги ва йетиштириш агротехнологиялари","Пахта селекцияси, уруғчилиги ва етиштириш агротехнологиялари",1,typo
"Пахта селекцияси, уруғчилиги ва етиштириш агротехнологиялар","Пахта селекцияси, уруғчилиги ва етиштириш агротехнологиялари",1,typo
"Пахта селекцияси, уруғчилиги ва йетиштириш агротехнологиялари","Пахта селекцияси, уруғчилиги ва етиштириш агротехнологиялари",1,typo
Рақамли технологиялар ва сунʼий интеллектни ривожлантириш,Рақамли технологиялар ва сунъий интеллектни ривожлантириш,1,exact-fold
Рecпубликa мaънaвият вa мaърифaт мaркaзи,Республика Маънавият ва маърифат маркази,1,exact-fold
Республика Маънавият ва маърифат маркази ҳузуридаги Ижтимоий - маънавий тадқиқотлар институти,Республика Маънавият ва маърифат маркази ҳузуридаги Ижтимоий-маънавий тадқиқотлар институти,1,exact-fold
Республика дерматовенерология ва косметология ихтисослаштирилган,Республика ихтисослаштирилган дерматовенерология ва косметология,1,curated
Республика ихтисолаштирилган кардиология,Республика ихтисослаштирилган кардиология,2,typo
Рeспублика ихтисослаштирилган она ва бола саломатлиги,Республика ихтисослаштирилган она ва бола саломатлиги,1,exact-fold
«Республика ихтисослаштирилган онкология ва радиология,Республика ихтисослаштирилган онкология ва радиология,1,exact-fold
Республика ихтисослашган Педиатрия,Республика ихтисослаштирилган педиатрия,1,typo
"Сабзавот, полиз екинлари ва картошкачилик","Сабзавот, полиз экинлари ва картошкачилик",1,exact-fold
Самарқанд Агроинновaциялар ва тадқиқотлар институти,Самарқанд агроинновациялар ва тадқиқотлар институти,1,exact-fold
Самарқанд ветеринария медицинаси институти ва Қарши мухандислик-иқтисодиёт институтида,Самарқанд ветеринария медицинаси институти,1,exact-fold
"Самарқанд ветеринария медицинаси институти, Тошкент давлат иқтисодиёт университети Самарқанд филиали",Самарқанд ветеринария медицинаси институти,1,exact-fold
Самарқанд давлат арxитектура-қурилиш институти,Самарқанд давлат архитектура-қурилиш институти,2,exact-fold
“Самарқанд давлат архитектура-қурилиш институти”,Самарқанд давлат архитектура-қурилиш институти,2,exact-fold
“Самарқанд давлат архитектура қурилиш институти”,Самарқанд давлат архитектура-қурилиш институти,1,exact-fold
"“Самарқанд давлат архитектура-қурилиш институти”, “Тошкент архитектура-қурилиш институти”",Самарқанд давлат архитектура-қурилиш институти,1,exact-fold
Самарқанд давлат архитектура-қурилиш университетида,Самарқанд давлат архитектура-қурилиш университети,8,exact-fold
Самарқанд давлат архитектура қурилиш университети,Самарқанд давлат архитектура-қурилиш университети,1,exact-fold
"Самарқанд давлат ветеринария медитсинаси, чорвачилик ва биотехнологиялар университети","Самарқанд давлат ветеринария медицинаси, чорвачилик ва биотехнологиялар университети",16,exact-fold
"Cамарқанд давлат ветеринария медицинаси, чорвачилик ва биотехнологиялар университети","Самарқанд давлат ветеринария медицинаси, чорвачилик ва биотехнологиялар университети",6,exact-fold
"Самарқанд ветеринария медицинаси, чорвачилик ва биотехнологиялар университети","Самарқанд давлат ветеринария медицинаси, чорвачилик ва биотехнологиялар университети",2,curated-group
"Самарқанд давлат ветеринария медицинаси, чорвачилиги ва биотехнологиялар университети","Самарқанд давлат ветеринария медицинаси, чорвачилик ва биотехнологиялар университети",2,typo
"Самарқанд ветеринария медитсинаси, чорвачилик ва биотехнологиялар университети","Самарқанд давлат ветеринария медицинаси, чорвачилик ва биотехнологиялар университети",1,curated-group
"Самарқанд давлат ветеринария медисинаси, чорвачилик ва биотехнологиялар университети","Самарқанд давлат ветеринария медицинаси, чорвачилик ва биотехнологиялар университети",1,typo
"Самарқанд давлат ветеринария медитсинаси, чорвачилик ва биотехнологиялар университети Нукус филиали","Самарқанд давлат ветеринария медицинаси, чорвачилик ва биотехнологиялар университети Нукус филиали",2,exact-fold
"Самарқанд давлат ветеринария медицинаси, чорвачилик ва биотехнологиялар университетининг Тошкент филиали","Самарқанд давлат ветеринария медицинаси, чорвачилик ва биотехнологиялар университети Тошкент филиали",6,curated-group
"Самарқанд давлат ветеринария медитсинаси, чорвачилик ва биотехнологиялар университети Тошкент филиали","Самарқанд давлат ветеринария медицинаси, чорвачилик ва биотехнологиялар университети Тошкент филиали",2,exact-fold
"Самарқанд давлат ветеринария медитсинаси, чорвачилик ва биотехнологиялар университетининг Тошкент филиали","Самарқанд давлат ветеринария медицинаси, чорвачилик ва биотехнологиялар университети Тошкент филиали",1,curated-group
Самарқанд давлат педагогика институти (Ўзбекистон-Финландия педагогика институти),Самарқанд давлат педагогика институти,1,exact-fold
Самарканд давлат тиббиёт институти,Самарқанд давлат тиббиёт институти,12,curated-group
Самаркан давлат тиббиёт институти,Самарқанд давлат тиббиёт институти,2,typo
"Самарқанд давлат тиббиёт институти, Тошкент тиббиёт академияси",Самарқанд давлат тиббиёт институти,1,exact-fold
Самарқанд давлат тиббиёт институтида бажарилган,Самарқанд давлат тиббиёт институти,1,exact-fold
Самарканд давлат тиббиет институти,Самарқанд давлат тиббиёт институти,1,curated-group
Самарканд давлат тиббёт институти,Самарқанд давлат тиббиёт институти,1,typo
Самарканд давлат тиббиёт университети,Самарқанд давлат тиббиёт университети,80,curated-group
Самарқанд давлат тиббиёт тиббиёт университети,Самарқанд давлат тиббиёт университети,4,curated
Самарқанд давлат тиббиёт унивенрситети,Самарқанд давлат тиббиёт университети,3,typo
Самарканд давлат тиббиет университети,Самарқанд давлат тиббиёт университети,2,curated-group
Самрқанд давлат тиббиёт унверстети,Самарқанд давлат тиббиёт университети,2,typo
Самарқанд давлат тиббиет университети,Самарқанд давлат тиббиёт университети,1,exact-fold
"Самарқанд давлат тиббиёт университети, Республика ихтисослаштирилган эпидемиология, микробиология, юқумли ва паразитар касалликлар",Самарқанд давлат тиббиёт университети,1,exact-fold
Самарқанд тиббиёт университети,Самарқанд давлат тиббиёт университети,1,curated
Самарканд давлат тиббиёт универститети,Самарқанд давлат тиббиёт университети,1,typo
Самарқанд давлат тиббиёт универститети,Самарқанд давлат тиббиёт университети,1,typo
Самарқанд давлат тиббиёт унуверситети,Самарқанд давлат тиббиёт университети,1,typo
Самарқанд давлат тиббиёт унверситети,Самарқанд давлат тиббиёт университети,1,typo
Самартканд давлат тиббиёт университети,Самарқанд давлат тиббиёт университети,1,typo
Самақарқанд давлат университети,Самарқанд давлат университети,2,typo
Cамарқанд давлат университети,Самарқанд давлат университети,1,exact-fold
Самарқанд давлат унивeрситeти,Самарқанд давлат университети,1,exact-fold
Самарқанд давлат Университети ва В.И. Романовский номидаги математика институтида бажарилган,Самарқанд давлат университети,1,exact-fold
"Самарқанд давлат университети, Умумий ва ноорганик кимё институти",Самарқанд давлат университети,1,exact-fold
Самарқан давлат университети,Самарқанд давлат университети,1,typo
Самарқанд давлат универитети,Самарқанд давлат университети,1,typo
Самрқанд давлат университети,Самарқанд давлат университети,1,typo
Самарқанд давлат чет тиллари институти,Самарқанд давлат чет тиллар институти,9,curated
Самарқанд давлат чет тиллар институтида,Самарқанд давлат чет тиллар институти,2,exact-fold
Caмapқaнд дaвлaт чeт тиллap инcтитути,Самарқанд давлат чет тиллар институти,2,curated
Самарқанд давлат чет тиллар институте,Самарқанд давлат чет тиллар институти,2,typo
Самарқанд дaвлaт чет тиллар институти,Самарқанд давлат чет тиллар институти,1,exact-fold
Самарқанд давлат чет тиллар институти(СамДЧТИ),Самарқанд давлат чет тиллар институти,1,exact-fold
Самарқанд давлат чет тиллар,Самарқанд давлат чет тиллар институти,1,curated
Самарқнд давлат чет тиллар институти,Самарқанд давлат чет тиллар институти,1,typo
Самарқанд иқтисодиёт ва севис институти,Самарқанд иқтисодиёт ва сервис институти,1,typo
Санитария гигиена ва касб касалликлари,"Санитария, гигиена ва касб касалликлари",11,exact-fold
"Санитария, гигиена ва касб-касалликлари","Санитария, гигиена ва касб касалликлари",6,exact-fold
Т.Н.Қори-Ниёзий номидаги Ўзбекистон педагогика фанлари,Т.Н.Қори Ниёзий номидаги Ўзбекистон педагогика фанлари,3,exact-fold
ТДИУ ҳузуридаги «Ўзбекистон иқтисодиётини ривожлантиришнинг,ТДИУ ҳузуридаги “Ўзбекистон иқтисодиётини ривожлантиришнинг,1,exact-fold
Термиз давлат Pedагогика институти,Термиз давлат педагогика институти,1,exact-fold
"Термиз давлат университети, Тошкент кимё-технология",Термиз давлат университети,9,exact-fold
", Термиз давлат университети",Термиз давлат университети,1,exact-fold
Tермиз давлат университети,Термиз давлат университети,1,exact-fold
Термиз давлат университети ва Ислом Каримов номидаги Тошкент давлат техника университети,Термиз давлат университети,1,exact-fold
"Термиз давлат университети, Тошкент кимё технология",Термиз давлат университети,1,exact-fold
Термиз давлат университетида бажарилган,Термиз давлат университети,1,exact-fold
“Термиз давлат университети”,Термиз давлат университети,1,exact-fold
Термиз давлат университети. Тошкент давлат транспорт университети,Термиз давлат университети,1,curated
Термиз давлат унуверситети,Термиз давлат университети,1,typo
Термиз муҳандислик технология институти,Термиз муҳандислик-технология институти,1,exact-fold
“Термиз муҳандислик-технология институти”,Термиз муҳандислик-технология институти,1,exact-fold
Тиббиёт ходимларининг касбий малакасини ривожлантириш марказида,Тиббиёт ходимларининг касбий малакасини ривожлантириш маркази,2,exact-fold
Тиббиет ходимларининг касбий малакасини ривожлантириш маркази,Тиббиёт ходимларининг касбий малакасини ривожлантириш маркази,1,exact-fold
Тиббиёт ходимларининг касбий малакасини ривожлантириш марказида бажарилган,Тиббиёт ходимларининг касбий малакасини ривожлантириш маркази,1,exact-fold
Тиббиет ходимларнинг касбий малакасини ривожлантириш маркази,Тиббиёт ходимларининг касбий малакасини ривожлантириш маркази,1,curated-group
Тиббиёт ходимларнинг касбий малакасини ривожлантириш маркази,Тиббиёт ходимларининг касбий малакасини ривожлантириш маркази,1,curated-group
Тиббиёт ҳодимларининг касбий малакасини ривожлантириш маркази,Тиббиёт ходимларининг касбий малакасини ривожлантириш маркази,1,curated-group
Тиббиёт ҳодимларининг касбий малакасини ривожлантириш марказида бажарилган,Тиббиёт ходимларининг касбий малакасини ривожлантириш маркази,1,curated-group
Тиббиёт ходимларини касбий малакасини ривожлатиш маркази,Тиббиёт ходимларининг касбий малакасини ривожлантириш маркази,1,typo
Тиббиёт ходимларининг касбий малакаини ривожлантириш маркази,Тиббиёт ходимларининг касбий малакасини ривожлантириш маркази,1,typo
Тиббиёт ходимларининг касбий малакасини риовожлантириш маркази,Тиббиёт ходимларининг касбий малакасини ривожлантириш маркази,1,typo
Тиббиёт ходимларининг касбий малакасини ривожландириш маркази,Тиббиёт ходимларининг касбий малакасини ривожлантириш маркази,1,typo
Тиббиёт ходимларининг касбий малакасини ривожланириш маркази,Тиббиёт ходимларининг касбий малакасини ривожлантириш маркази,1,typo
Тиббиёт ходимларининг касбий малакасини ривожланиш маркази,Тиббиёт ходимларининг касбий малакасини ривожлантириш маркази,1,typo
Тиббиёт ходимларининг касбий малакасини ривожлантирш маркази,Тиббиёт ходимларининг касбий малакасини ривожлантириш маркази,1,typo
Тиббиёт ходимларларининг касбий малакасини ривожлантириш маркази,Тиббиёт ходимларининг касбий малакасини ривожлантириш маркази,1,typo
Тиббиёт ходимларни касбий малакасини ривожлантириш маркази,Тиббиёт ходимларининг касбий малакасини ривожлантириш маркази,1,typo
Тoшкент Кимё хaлқaрo университети,Тошкент Кимё халқаро университети,2,exact-fold
"Тошкент Кимё халқаро университети, Республика ихтисослаштирилган эпидемиология, микробиология, юқумли ва паразитар касалликлар",Тошкент Кимё халқаро университети,1,exact-fold
Тошкент Кимё халқаро университет,Тошкент Кимё халқаро университети,1,typo
"Тошкент амалий фанлар университети, Самарқанд давлат университети",Тошкент амалий фанлар университети,1,exact-fold
“Тошкент архитектура-қурилиш институти”,Тошкент архитектура-қурилиш институти,9,exact-fold
Тошкент архитектура қурилиш институти,Тошкент архитектура-қурилиш институти,8,exact-fold
«Тошкент архитектура-қурилиш институти»,Тошкент архитектура-қурилиш институти,3,exact-fold
"Тошкент архитектура-қурилиш институти, Тошкент темир йўл муҳандислари институти, Самарқанд давлат архитектура-қурилиш институти ва Наманган муҳандислик-қурилиш институти, DSc 27.06.2017. Т.11.01",Тошкент архитектура-қурилиш институти,1,exact-fold
Тошкент-архитектура қурилиш институти,Тошкент архитектура-қурилиш институти,1,exact-fold
«Тошкент архитектура-қурилиш институти» ва «Наманган муҳандислик-қурилиш институти»,Тошкент архитектура-қурилиш институти,1,exact-fold
“Тошкент архитектура қурилиш” институти,Тошкент архитектура-қурилиш институти,1,exact-fold
Тошкент Архитектура қурилиш иститути,Тошкент архитектура-қурилиш институти,1,typo
Тошкент архитектура-қурилиши институти,Тошкент архитектура-қурилиш институти,1,typo
“Тошкент архитектура-қурилиш университети”,Тошкент архитектура-қурилиш университети,12,exact-fold
Тошкент архитектура қурилиш университети,Тошкент архитектура-қурилиш университети,11,exact-fold
Тошкент архитектура - қурилиш университети,Тошкент архитектура-қурилиш университети,2,exact-fold
"Тошкент архитектура-қурилиш университети, ЎзР ФА М.Т. Ўрозбоев номидаги Механика ва иншоотлар сейсмик мустаҳкамлиги институти",Тошкент архитектура-қурилиш университети,1,exact-fold
Тошкент архитектура-қурилиш университетида,Тошкент архитектура-қурилиш университети,1,exact-fold
“Тошкент архитектура қурилиш университети”,Тошкент архитектура-қурилиш университети,1,exact-fold
Тошкент ахборот технологиялари университети:,Тошкент ахборот технологиялари университети,2,exact-fold
Тошкент ахборот технологиялари университети ва Самарқанд давлат тиббиёт институти,Тошкент ахборот технологиялари университети,1,exact-fold
Tошкент вилояти Чирчиқ давлат педагогика институти,Тошкент вилояти Чирчиқ давлат педагогика институти,2,exact-fold
Тошкент врачлар малакасини ошириш институти ва Бухоро давлат тиббиёт институти,Тошкент врачлар малакасини ошириш институти,1,exact-fold
Тошкент врачлар малакасини ошириш институти ва Тошкент педиатрия медицина институти Нукус филиали,Тошкент врачлар малакасини ошириш институти,1,exact-fold
Тошкент врачлар малакасини ошириш институтида,Тошкент врачлар малакасини ошириш институти,1,exact-fold
Тошкент врачлар малакасини ошириш институт,Тошкент врачлар малакасини ошириш институти,1,typo
"Тошкент давлат аграр университети, Ипакчилик",Тошкент давлат аграр университети,2,exact-fold
"Тошкент давлат аграр университети, Тупроқшунослик ва агрокимёвий тадқиқотлар институти",Тошкент давлат аграр университети,2,exact-fold
Тошкент давлар аграр университети,Тошкент давлат аграр университети,2,typo
Тoшкент давлат аграр университети,Тошкент давлат аграр университети,1,exact-fold
"Тошкент давлат аграр университети, Биорганик кимё институти",Тошкент давлат аграр университети,1,exact-fold
"Тошкент давлат аграр университети, Дон ва дуккакли экинлар",Тошкент давлат аграр университети,1,exact-fold
"Тошкент давлат аграр университети, DSc.27.06.2017.Qx.13.01",Тошкент давлат аграр университети,1,exact-fold
"Тошкент давлат аграр университети, Озуқа экинлари",Тошкент давлат аграр университети,1,exact-fold
“Тошкент давлат аграр университети”,Тошкент давлат аграр университети,1,exact-fold
Тошкент давлат иқтисодиёт университетида,Тошкент давлат иқтисодиёт университети,2,exact-fold
Тошкент давлат иктисодиёт университети,Тошкент давлат иқтисодиёт университети,2,typo
Тошкет давлат иқтисодиёт университети,Тошкент давлат иқтисодиёт университети,2,typo
Тошкент давлат иқтисодиёт универcитети,Тошкент давлат иқтисодиёт университети,1,exact-fold
Тошкент давлат иқтисодиёт универcитетида бажарилган,Тошкент давлат иқтисодиёт университети,1,exact-fold
Тoшкент дaвлaт иқтисoдиёт университети,Тошкент давлат иқтисодиёт университети,1,exact-fold
"Тошкент давлат иқтисодиёт университети, Тошкент ахборот технологиялари университети",Тошкент давлат иқтисодиёт университети,1,exact-fold
Тошкент давлат иққтисодиёт университети,Тошкент давлат иқтисодиёт университети,1,typo
Тошкент давлат иқтисодиуот университети,Тошкент давлат иқтисодиёт университети,1,typo
Тошкент давлат иқтисодиёт унивепситети,Тошкент давлат иқтисодиёт университети,1,typo
Тошкент давлат иқтисодиёт университет,Тошкент давлат иқтисодиёт университети,1,typo
Тошкент давлат иқтисодиёт университетини,Тошкент давлат иқтисодиёт университети,1,typo
Тошкент давлат иқтисодиёт университиети,Тошкент давлат иқтисодиёт университети,1,typo
Тошкент давлат иқтисодиёт университитети,Тошкент давлат иқтисодиёт университети,1,typo
Тошкент давлат иқтисодёт университети,Тошкент давлат иқтисодиёт университети,1,typo
Тошкент давлат иқтисолиёт университети,Тошкент давлат иқтисодиёт университети,1,typo
Тошкент давлат иқтисодиёт университети ҳузуридаги “Ўзбекистон иқтисодиётини ривожлантиришнинг,Тошкент давлат иқтисодиёт университети ҳузуридаги Ўзбекистон иқтисодиётини ривожлантиришнинг,28,exact-fold
Тошкент давлат иқтисодиёт университети ҳузуридаги «Ўзбекистон иқтисодиётини ривожлантиришнинг,Тошкент давлат иқтисодиёт университети ҳузуридаги Ўзбекистон иқтисодиётини ривожлантиришнинг,20,exact-fold
Тошкент давлат педагогика унверситети,Тошкент давлат педагогика университети,4,typo
Тошкент давлат педгогика университети,Тошкент давлат педагогика университети,4,typo
", Тошкент давлат педагогика университети",Тошкент давлат педагогика университети,2,exact-fold
Тошкент давлат педагогика университетида,Тошкент давлат педагогика университети,2,exact-fold
Тoшкент дaвлaт педaгoгикa универcитети,Тошкент давлат педагогика университети,1,exact-fold
Тошкент давлат педагогика университети ва Математика институти,Тошкент давлат педагогика университети,1,exact-fold
Тошкент давлат педагогика универсистети,Тошкент давлат педагогика университети,1,typo
Тошкент давлат педагогика универстети,Тошкент давлат педагогика университети,1,typo
Тошкент давлат педогогика университети,Тошкент давлат педагогика университети,1,typo
Тошкент давлат PhDагогика университети,Тошкент давлат педагогика университети,1,typo
Тошкент давлат стоматология институтида бажарилган,Тошкент давлат стоматология институти,2,exact-fold
Тошкент давлат cтоматология институти,Тошкент давлат стоматология институти,1,exact-fold
Тошкент давлат стоматология институти ва Тошкент тиббиёт академияси Урганч филиалида,Тошкент давлат стоматология институти,1,exact-fold
"Тошкент давлат стоматология институти, Тошкент тиббиёт академияси Фарғона филиали",Тошкент давлат стоматология институти,1,exact-fold
Тошкент давлат стоматология институти/,Тошкент давлат стоматология институти,1,exact-fold
Тошкент стоматология институтида бажарилган,Тошкент давлат стоматология институти,1,curated
Тошкент давлат стогматология институти,Тошкент давлат стоматология институти,1,typo
Тошкент давлат стоматология интитути,Тошкент давлат стоматология институти,1,typo
Тошкент давлат стоматология интситути,Тошкент давлат стоматология институти,1,typo
Тошлент давлат стоматология институти,Тошкент давлат стоматология институти,1,typo
Тошкент давлат техника университетида,Тошкент давлат техника университети,3,exact-fold
Тошкент давлат техника университети ва Навоий давлат кончилик институти,Тошкент давлат техника университети,2,exact-fold
"Тошкент давлат техника университети, (Ислом Каримов номидаги Тошкент давлат техника университети,)",Тошкент давлат техника университети,2,exact-fold
Тошкент давлат техника универститети,Тошкент давлат техника университети,2,typo
Тoшкeнт дaвлaт тeхникa унивeрситeти,Тошкент давлат техника университети,1,exact-fold
Тошкент давлат техника унIVерситети,Тошкент давлат техника университети,1,exact-fold
Тошкент давлат техника университети ва Наманган давлат техника университети,Тошкент давлат техника университети,1,exact-fold
Тошкент давлат техника университети ва Қарши муҳандислик-иқтисодиёт институти,Тошкент давлат техника университети,1,exact-fold
Тошкент давлат техника университети ва Самарқанд давлат университети,Тошкент давлат техника университети,1,exact-fold
Тошкент давлат техника университети ва Тошкент давлат транспорт университети,Тошкент давлат техника университети,1,exact-fold
Тошкент давлат техника университети ва Умумий ва ноорганик кимё институти,Тошкент давлат техника университети,1,exact-fold
Тошкент давлат техника университети «,Тошкент давлат техника университети,1,exact-fold
"Тошкент давлат техника университети, Қайта тикланувчи энергия манбалари миллий",Тошкент давлат техника университети,1,exact-fold
"Тошкент давлат техника университети, Тошкент давлат транспорт университети",Тошкент давлат техника университети,1,exact-fold
"Тошкент давлат техника университети, “Фан ва тараққиёт” ДМ",Тошкент давлат техника университети,1,exact-fold
Тошкент дaвлaт техника универсетети,Тошкент давлат техника университети,1,typo
Тошкент давлат техника унверситети,Тошкент давлат техника университети,1,typo
Тошкент давлат техника университети «Фан ва тараққиёт» ДМ,Тошкент давлат техника университети «Фан ва тараққиёт» ДУК,21,curated-group
"Тошкент давлат техника университети «Фан ва тараққиёт» ДУК, Қарши муҳандислик-иқтисодиёт институти",Тошкент давлат техника университети «Фан ва тараққиёт» ДУК,3,exact-fold
"Тошкент давлат техника университети «Фан ва тараққиёт» ДУК, Фарғона политехника институти",Тошкент давлат техника университети «Фан ва тараққиёт» ДУК,2,exact-fold
"Тошкент давлат техника университети «Фан ва тараққиёт» ДУК, Умумий ва ноорганик кимё институти",Тошкент давлат техника университети «Фан ва тараққиёт» ДУК,2,exact-fold
Тошкент давлат техника университети “Фан ва тараққиёт” ДМ,Тошкент давлат техника университети «Фан ва тараққиёт» ДУК,2,curated-group
"Тошкент давлат техника университети «Фан ва тараққиёт» ДУК, Бухоро муҳандислик-технология институти",Тошкент давлат техника университети «Фан ва тараққиёт» ДУК,1,exact-fold
"Тошкент давлат техника университети «Фан ва тараққиёт» ДУК, Навоий давлат кончилик институти",Тошкент давлат техника университети «Фан ва тараққиёт» ДУК,1,exact-fold
"Тошкент давлат техника университети «Фан ва тараққиёт» ДУК, Навоий давлат кончилик ва технологиялар университети",Тошкент давлат техника университети «Фан ва тараққиёт» ДУК,1,exact-fold
"Тошкент давлат техника университети «Фан ва тараққиёт» ДУК, Самарқанд давлат тиббиёт университети",Тошкент давлат техника университети «Фан ва тараққиёт» ДУК,1,exact-fold
"Тошкент давлат техника университети «Фан ва тараққиёт» ДУК, “Олмалик кон-металлургия комбинати” АЖ",Тошкент давлат техника университети «Фан ва тараққиёт» ДУК,1,exact-fold
"Тошкент давлат техника университети “Фан ва тараққиёт” ДУК, “Олмалик КМК” АЖ",Тошкент давлат техника университети «Фан ва тараққиёт» ДУК,1,exact-fold
"Тошкент давлат техника университети «Фан ва тараққиёт» ДМ, Умумий ва ноорганик кимё институти",Тошкент давлат техника университети «Фан ва тараққиёт» ДУК,1,curated-group
"Тошкент давлат техника университети Олмалиқ филиали, (Тошкент давлат техника университети Олмалиқ филиалида.)",Тошкент давлат техника университети Олмалиқ филиали,1,exact-fold
Тошкент давлат тиббиёт университетида,Тошкент давлат тиббиёт университети,4,exact-fold
Тошкент давлат тиббиет университети,Тошкент давлат тиббиёт университети,2,exact-fold
Тошкени давлат тиббиёт университети,Тошкент давлат тиббиёт университети,2,typo
Тошкент давлат тиббиёт университетида бажарилган,Тошкент давлат тиббиёт университети,1,exact-fold
Тошкент давлат тибиёт университети,Тошкент давлат тиббиёт университети,1,typo
Тоѕҳкент давлат транѕрорт универѕитети,Тошкент давлат транспорт университети,3,curated
Тошкент давлат транспорт университети ва Петербург давлат темир йўллари университети,Тошкент давлат транспорт университети,2,exact-fold
Тошкент давлат транспорт университети ва Император Александр I номидаги Петербург давлат темир йўллари университети,Тошкент давлат транспорт университети,1,exact-fold
Тошкент давлат транспорт университети ва Петербург давлат темир йўл университети,Тошкент давлат транспорт университети,1,exact-fold
"Тошкент давлат транспорт университети, М.Т.Ўразбоев номидаги механика ва иншоотлар сейсмик мустаҳкамлиги институти",Тошкент давлат транспорт университети,1,exact-fold
Тошкент давлат транспорт университети:,Тошкент давлат транспорт университети,1,exact-fold
«Тошкент давлат транспорт университети»,Тошкент давлат транспорт университети,1,exact-fold
“Тошкент Давлат Транспорт Университети”,Тошкент давлат транспорт университети,1,exact-fold
Тошкент давлат шарқшунослик университетида,Тошкент давлат шарқшунослик университети,1,exact-fold
Тоошкент давлат шарқшунослик университети,Тошкент давлат шарқшунослик университети,1,typo
Тошкент давлват шарқшунослик университети,Тошкент давлат шарқшунослик университети,1,typo
Тошкент давлат юридик универститети,Тошкент давлат юридик университети,1,typo
«Тошкент инновацион кимёвий технология,Тошкент инновацион кимёвий технология,6,exact-fold
“Тошкент инновацион кимёвий технология,Тошкент инновацион кимёвий технология,3,exact-fold
Тошкент ирригация ва қишлоқ хўжалигини механизациялаш мухандислари институти,Тошкент ирригация ва қишлоқ хўжалигини механизациялаш муҳандислари институти,6,typo
Тошкент ирригация ва қишлоқ хўжалигини меҳанизациялаш муҳандислари институти,Тошкент ирригация ва қишлоқ хўжалигини механизациялаш муҳандислари институти,4,typo
Тошкент ирригация ва қишлоқ хўжалигини механизациялаш муҳандислари институтути,Тошкент ирригация ва қишлоқ хўжалигини механизациялаш муҳандислари институти,2,typo
"Тошкент ирригация ва қишлоқ хўжалигини механизациялаш муҳандислари институти, Қишлоқ хўжалиги иқтисодиёти",Тошкент ирригация ва қишлоқ хўжалигини механизациялаш муҳандислари институти,1,exact-fold
Тошкент ирригация ва қишлоқ хўжалигини механизациялаш муҳандислари институтида бажарилган,Тошкент ирригация ва қишлоқ хўжалигини механизациялаш муҳандислари институти,1,exact-fold
Тошкент ирригация ва қишлоқ хўжалигини механициялаш муҳандислари институти,Тошкент ирригация ва қишлоқ хўжалигини механизациялаш муҳандислари институти,1,typo
Тошкент ирригация ва қишлоқ хўжалигини механизациялар муҳандислари институти,Тошкент ирригация ва қишлоқ хўжалигини механизациялаш муҳандислари институти,1,typo
Тошкент кимё-технология,Тошкент кимё-технология институти,56,curated-group
Тошкент кимё технология институти,Тошкент кимё-технология институти,6,exact-fold
"Тошкент кимё-технология институти, Умумий ва ноорганик кимё институти",Тошкент кимё-технология институти,2,exact-fold
Тошкент кимё-технология институтида,Тошкент кимё-технология институти,2,exact-fold
Тошкент кимё технология,Тошкент кимё-технология институти,2,curated-group
Тошкент кимё-технолгия институти,Тошкент кимё-технология институти,2,typo
"Тошкент кимё-технология институти, Фарғона политехника институти",Тошкент кимё-технология институти,1,exact-fold
"Тошкент кимё-технология институти, Ўзбекистон Миллий университети",Тошкент кимё-технология институти,1,exact-fold
"Тошкент кимё-технология институти Шаҳрисабз филиали, Наманган муҳандислик технология институти",Тошкент кимё-технология институти Шаҳрисабз филиали,1,exact-fold
Тошкент кимё технология институти Янгиер филиали,Тошкент кимё-технология институти Янгиер филиали,1,exact-fold
"Тошкент кимё-технология институти Янгиер филиали, Умумий ва ноорганик кимё институти",Тошкент кимё-технология институти Янгиер филиали,1,exact-fold
Тошкент кимё-технология институти Янгиер филиалида бажарилган,Тошкент кимё-технология институти Янгиер филиали,1,exact-fold
Тoшкeнт молия институти,Тошкент молия институти,3,exact-fold
Тoшкeнт мoлия институти,Тошкент молия институти,1,exact-fold
Тошкент молия институтида бажарилган,Тошкент молия институти,1,exact-fold
Тошкент давлат молия институти,Тошкент молия институти,1,curated
Тошкент педитрия тиббиёт институти,Тошкент педиатрия тиббиёт институти,5,typo
Тошкент тиббиёт педиатрия институти,Тошкент педиатрия тиббиёт институти,2,curated
Тошкент педиатрия тиббиет институти,Тошкент педиатрия тиббиёт институти,1,exact-fold
Toшкент педиатрия тиббиёт институти,Тошкент педиатрия тиббиёт институти,1,exact-fold
Тошкент педиатрия тиббиёт институтида,Тошкент педиатрия тиббиёт институти,1,exact-fold
Тошкент педиатрия тиббиёт институтида бажарилган,Тошкент педиатрия тиббиёт институти,1,exact-fold
Тошкент педиатрия институти,Тошкент педиатрия тиббиёт институти,1,curated
Тонкент педиатрия тиббиёт институти,Тошкент педиатрия тиббиёт институти,1,typo
Тошкент Педиатрии тиббиёт институти,Тошкент педиатрия тиббиёт институти,1,typo
Тошкент педиатрия тиббиёт интитути,Тошкент педиатрия тиббиёт институти,1,typo
Тошкент педиатрия тибиёт институти,Тошкент педиатрия тиббиёт институти,1,typo
Тошкент темир йўл муҳандислари институти ва Тошкент ирригация ва қишлоқ хўжалигини механизациялаш муҳандислари институти,Тошкент темир йўл муҳандислари институти,1,exact-fold
Тошкент темир йўл муҳанддислари институти,Тошкент темир йўл муҳандислари институти,1,typo
Тошкент тиббиёт академиясида,Тошкент тиббиёт академияси,9,exact-fold
Тошкент тибиёт академияси,Тошкент тиббиёт академияси,2,typo
- Тошкент тиббиёт академияси,Тошкент тиббиёт академияси,1,exact-fold
Тошкент тиббиет академияси,Тошкент тиббиёт академияси,1,exact-fold
"Тошкент тиббиёт академияси, Республика ихтисослаштирилган дерматовенерология ва косметология",Тошкент тиббиёт академияси,1,exact-fold
"Тошкент тиббиёт академияси, Сеул Миллий университетининг Бунданг клиникаси",Тошкент тиббиёт академияси,1,exact-fold
"Тошкент тиббиёт академияси, Тошкент педиатрия тиббиёт институти Нукус филиали",Тошкент тиббиёт академияси,1,exact-fold
Тошкент тиббиёт академиясида бажарилган,Тошкент тиббиёт академияси,1,exact-fold
номи: Тошкент тиббиёт академияси,Тошкент тиббиёт академияси,1,curated
Тошкент тиббиёт академия,Тошкент тиббиёт академияси,1,curated
Тошкент тиббиёт акаадемияси,Тошкент тиббиёт академияси,1,typo
Тошкент тиббёт академияси,Тошкент тиббиёт академияси,1,typo
Тошкент тиббиёт академияси Урганч филиалида бажарилган,Тошкент тиббиёт академияси Урганч филиали,1,exact-fold
Тошкент тўқимачилик ва энгил саноат институти,Тошкент тўқимачилик ва енгил саноат институти,5,exact-fold
Тoшкент тўқимaчилик вa енгил caнoaт инcтитути,Тошкент тўқимачилик ва енгил саноат институти,2,exact-fold
Тошкент тоъқимачилик ва енгил саноат институти,Тошкент тўқимачилик ва енгил саноат институти,2,exact-fold
Тошкент тўқимачилик ва йенгил саноат институти,Тошкент тўқимачилик ва енгил саноат институти,2,typo
Тошкент тўқимачилик ва енгил саноат институтида,Тошкент тўқимачилик ва енгил саноат институти,1,exact-fold
О Тошкент тўқимачилик ва енгил саноат институти,Тошкент тўқимачилик ва енгил саноат институти,1,curated
Тoшкeнт фapмaцeвтикa институти,Тошкент фармацевтика институти,3,typo
Тошкент фармасевтика институти,Тошкент фармацевтика институти,2,typo
. Тошкент фармацевтика институти,Тошкент фармацевтика институти,1,exact-fold
"Тошкент фармацевтика институти, Андижон давлат университети",Тошкент фармацевтика институти,1,exact-fold
"Тошкент фармацевтика институти, Ўзбекистон кимё-фармацевтика",Тошкент фармацевтика институти,1,exact-fold
"Тошкент фармацевтика институти, Тошкент шаҳар суд-тиббий экспертиза бюроси",Тошкент фармацевтика институти,1,exact-fold
"Тошкент фармацевтика институти, “MedStandart” МЧЖ",Тошкент фармацевтика институти,1,exact-fold
"Тoшкeнт фapмaцeвтикa институти, Олий ҳарбий божхона институти",Тошкент фармацевтика институти,1,exact-fold
«Тошкент шаҳридаги Турин политехника университети ва Ташкент архитектура-қурилиш институти»,Тошкент шаҳридаги Турин политехника университети,1,exact-fold
У.А.Арифов номидаги Ион-плазма ва лазер технологиялари институти,У.А. Арифов номидаги Ион-плазма ва лазер технологиялари институти,1,exact-fold
"Умумий ва ноорганик кимё институти, Белорус Миллий фанлар академиясининг Янги материаллар кимёси институти",Умумий ва ноорганик кимё институти,2,exact-fold
"Умумий ва ноорганик кимё институти, Тошкент кимё-технология институти",Умумий ва ноорганик кимё институти,2,exact-fold
"Умумий ва ноорганик кимё институти, Андижон давлат университети",Умумий ва ноорганик кимё институти,1,exact-fold
"Умумий ва ноорганик кимё институти, Фарғона давлат техника университети",Умумий ва ноорганик кимё институти,1,exact-fold
"Умумий ва ноорганик кимё институти, Фарғона политехника институти",Умумий ва ноорганик кимё институти,1,exact-fold
"Умумий ва ноорганик кимё институти, Наманган муҳандислик-технология институти",Умумий ва ноорганик кимё институти,1,exact-fold
"Умумий ва ноорганик кимё институти, Наманган муҳандислик˗технология институти",Умумий ва ноорганик кимё институти,1,exact-fold
Умумий ва нооорганик кимё институти,Умумий ва ноорганик кимё институти,1,typo
Умумий ва ноорганик кимёси институти,Умумий ва ноорганик кимё институти,1,typo
Университй оф Бусинесс анд Сcиенсе,Университй оф Бусинесс анд Сcиенcе,1,exact-fold
"Урганч давлат университети, Тошкент кимё-технология институти",Урганч давлат университети,2,exact-fold
Урганч давлат университети ва Физика-техника институти,Урганч давлат университети,1,exact-fold
Урганч давлат университети ва Ўзбекистон Республикаси Фанлар академияси Физика-техника институти,Урганч давлат университети,1,exact-fold
"Урганч давлат университети, Тошкент давлат аграр университети",Урганч давлат университети,1,exact-fold
"Урганч давлат университети, Умумий ва ноорганик кимё институти",Урганч давлат университети,1,exact-fold
Ургенч давлат университети,Урганч давлат университети,1,typo
“Фарғона давлат техника университети”,Фарғона давлат техника университети,4,exact-fold
Фарғона давлат техника университети ва Ўзбекистон Республикаси Фанлар академияси Энергетика муаммолари институти,Фарғона давлат техника университети,2,exact-fold
Фарғона давлат техника университетида бажарилган,Фарғона давлат техника университети,1,exact-fold
Фаргʻона давлат университети,Фарғона давлат университети,4,exact-fold
“Фарғона давлат университети”,Фарғона давлат университети,2,exact-fold
Фарғона давлат универсети,Фарғона давлат университети,2,typo
Фаргъона давлат университети,Фарғона давлат университети,1,exact-fold
Фарғона давлат университети ва Мирзо Улуғбек номидаги Ўзбекистон Миллий университети ҳузуридаги Яримўтказгичлар физикаси ва микроелектроника,Фарғона давлат университети,1,exact-fold
Фарғона давлат университети ва Тошкент давлат транспорт университети,Фарғона давлат университети,1,exact-fold
Фарғон давлат университети,Фарғона давлат университети,1,typo
Фарғона давлат универсиети,Фарғона давлат университети,1,typo
Фарғона жамоат саломатлиги тиббийот институти,Фарғона жамоат саломатлиги тиббиёт институти,1,typo
Фарғона жамоат саломатлик тиббиёт институти,Фарғона жамоат саломатлиги тиббиёт институти,1,typo
“Фарғона политехника институти”,Фарғона политехника институти,6,exact-fold
Фарғона политехника институти ва Ўзбекистон Республикаси Фанлар академияси Энергетика муаммолари институти,Фарғона политехника институти,2,exact-fold
"Фарғона политехника институти, Наманган муҳандислик-технология институти",Фарғона политехника институти,2,exact-fold
"Фарғона политехника институти, Умумий ва ноорганик кимё институти",Фарғона политехника институти,2,exact-fold
Фарғона политехника институтида бажарилган,Фарғона политехника институти,2,exact-fold
Фарғона Политехника институти ва Наманган муҳандислик қурилиш институтларида бажарилган,Фарғона политехника институти,1,exact-fold
Фарғона политехника институти ва Наманган муҳандислик технология институти,Фарғона политехника институти,1,exact-fold
"Фарғона политехника институти, Ўзбекистон миллий университети",Фарғона политехника институти,1,exact-fold
"Фарғона политехника институти, Тошкент кимё-технология институти",Фарғона политехника институти,1,exact-fold
Ўзбекистон Республикаси Фанлар академияси Физика-техника институти,Физика-техника институти,15,curated-group
Ўзбекистон Республикаси Фанлар Академияси С.А. Азимов номидаги Физика-техника институти,Физика-техника институти,4,curated-group
Физика техника институти,Физика-техника институти,2,exact-fold
Физика-техника институти ва Наманган муҳандислик-педагогика институти,Физика-техника институти,1,exact-fold
Физика-техника институти ва Қуёш энергияси халқаро институти,Физика-техника институти,1,exact-fold
“Физика-техника институти”,Физика-техника институти,1,exact-fold
Ўзбекистон Республикаси фанлар академияси С. А. Азимов номидаги Физика-техника институти,Физика-техника институти,1,curated-group
Ўзбекистон Республикаси Фанлар академияси С.А Азимов номидаги Физика-техника институти,Физика-техника институти,1,curated-group
Ўзбекистон Республикаси Фанлар Академияси С.А.Азимов номидаги Физика-техника институти,Физика-техника институти,1,curated-group
Ўзбекистон Республикаси Фанлар Aкадемияси Физика-техника институти,Физика-техника институти,1,curated-group
Ш.Рашидов номидаги Самарқанд давлат университети,Шароф Рашидов номидаги Самарқанд давлат университети,6,curated-group
Шароф Рашидов номидаги Самарқанд давлат университетида,Шароф Рашидов номидаги Самарқанд давлат университети,2,exact-fold
“Шароф Рашидов номидаги Самарқанд давлат университети”,Шароф Рашидов номидаги Самарқанд давлат университети,2,exact-fold
Шароф Рашидов номидаги Самарқанд давлат университети ва Навоий давлат кончилик ва технологийлар университети,Шароф Рашидов номидаги Самарқанд давлат университети,1,exact-fold
"Ш.Рашидов номидаги Самарқанд Давлат университети, В.И.Романовский номидаги Математика институти",Шароф Рашидов номидаги Самарқанд давлат университети,1,curated-group
Ш.Рашидов номидаги Самарқанд давлат университетида,Шароф Рашидов номидаги Самарқанд давлат университети,1,curated-group
Шароф рашидов номидаги Самарқанд давлат унверситети,Шароф Рашидов номидаги Самарқанд давлат университети,1,typo
Шаров Рашидов номидаги Самарқанд давлат университети,Шароф Рашидов номидаги Самарқанд давлат университети,1,typo
Қарши давлат техника университети университети,Қарши давлат техника университети,4,curated
Қарши давлат унверситети,Қарши давлат университети,5,typo
"Қарши давлат университети, Ўсимлик моддалари кимёси институти",Қарши давлат университети,3,exact-fold
"Қарши давлат университети, Тошкент кимё-технология",Қарши давлат университети,3,exact-fold
Қарши дaвлaт университети,Қарши давлат университети,1,exact-fold
Қарши давлат университети ва Қарши муҳандислик-иқтисодиёт институти,Қарши давлат университети,1,exact-fold
Қарши давлат университети ва Тошкент давлат техника университети,Қарши давлат университети,1,exact-fold
"Қарши давлат университети, Ўзбекистон миллий университети",Қарши давлат университети,1,exact-fold
"Қарши давлат университети, ЎзМУ ҳузуридаги Биофизика ва биокимё институти",Қарши давлат университети,1,exact-fold
Қарши давлат университетида бажарилган,Қарши давлат университети,1,exact-fold
Қарши муҳандислик иқтисодиёт институти,Қарши муҳандислик-иқтисодиёт институти,22,exact-fold
Қарши муҳандислик - иқтисодиёт институти,Қарши муҳандислик-иқтисодиёт институти,3,exact-fold
Қарши мухандислик-иқтисодиёт институти,Қарши муҳандислик-иқтисодиёт институти,2,curated-group
Қарши муҳандислик иқтисодиёт институтида бажарилган,Қарши муҳандислик-иқтисодиёт институти,1,exact-fold
Қарши муҳандислик иқтисодиёт – институти,Қарши муҳандислик-иқтисодиёт институти,1,exact-fold
Қарши муҳандислик – иқтисодиёт институти,Қарши муҳандислик-иқтисодиёт институти,1,exact-fold
Қарши муҳандислик- иқтисодиёт институти,Қарши муҳандислик-иқтисодиёт институти,1,exact-fold
"Қарши муҳандислик-иқтисодиёт институти, Ўзбекистон миллий университети",Қарши муҳандислик-иқтисодиёт институти,1,exact-fold
"Қарши муҳандислик-иқтисодиёт институти, Тошкент давлат техника университети",Қарши муҳандислик-иқтисодиёт институти,1,exact-fold
"Қарши муҳандислик-иқтисодиёт институти, Тошкент давлат техника университети «Фан ва тараққиёт» ДУК",Қарши муҳандислик-иқтисодиёт институти,1,exact-fold
"Қарши муҳандислик-иқтисодиёт институти, Умумий ва ноорганик кимё институти",Қарши муҳандислик-иқтисодиёт институти,1,exact-fold
Қарши муҳандислик–иқтисодиёт институти,Қарши муҳандислик-иқтисодиёт институти,1,exact-fold
“Қарши муҳандислик-иқтисодиёт институти”,Қарши муҳандислик-иқтисодиёт институти,1,exact-fold
Қарши мухандислик иқтисодиёт институти,Қарши муҳандислик-иқтисодиёт институти,1,curated-group
"Қарши мухандислик-иқтисодиёт институти, Тошкент давлат техника университети",Қарши муҳандислик-иқтисодиёт институти,1,curated-group
Қарши муҳандислик-иқтисодёт институти,Қарши муҳандислик-иқтисодиёт институти,1,typo
Қишлоқ хоъжалигини механизациялаш,Қишлоқ хўжалигини механизациялаш,2,exact-fold
Қоракўлчилик ва чўл екологияси,Қоракўлчилик ва чўл экологияси,1,exact-fold
Қорақалпоғистон қишлоқ хоъжалиги ва агротехнологиялар институти,Қорақалпоғистон қишлоқ хўжалиги ва агротехнологиялар институти,3,exact-fold
Қорақалпоғистон қишлоқ xўжалиги ва агротеxнологиялар институти,Қорақалпоғистон қишлоқ хўжалиги ва агротехнологиялар институти,1,exact-fold
Қорақалпоқ давлат универcитети,Қорақалпоқ давлат университети,1,exact-fold
Қорақалпоқ давлат унивeрситeти,Қорақалпоқ давлат университети,1,exact-fold
Қорақалпоқ давлат университети ва Наманган давлат техника университети,Қорақалпоқ давлат университети,1,exact-fold
Қорақалпоқ давлат университети ва Тошкент архитектура қурилиш университети,Қорақалпоқ давлат университети,1,exact-fold
"Қорақалпоқ давлат университети, Тошкент давлат техника университети",Қорақалпоқ давлат университети,1,exact-fold
"Қорақалпоқ давлат университети, Умумий ва ноорганик кимё институти",Қорақалпоқ давлат университети,1,exact-fold
"Қорақалпоқ давлат университетида, Тупроқшунослик ва агрокимёвий тадқиқотлар институти",Қорақалпоқ давлат университети,1,exact-fold
“Қорақалпоқ давлат университети”,Қорақалпоқ давлат университети,1,exact-fold
Қаракалпоқ давлат университети,Қорақалпоқ давлат университети,1,typo
Қароқалпоқ давлат университети,Қорақалпоқ давлат университети,1,typo
Қорақолпақ давлат университети,Қорақалпоқ давлат университети,1,typo
Қорақолпоқ давлат университети,Қорақалпоқ давлат университети,1,typo
Қароқалпоқ табиий фанлар,Қорақалпоқ табиий фанлар,1,typo
Қорақалпоқ табиий фанлари,Қорақалпоқ табиий фанлар,1,typo
Қори Ниёзий номидаги Тарбия педагогикаси миллий институтида,Қори Ниёзий номидаги Тарбия педагогикаси миллий институти,1,exact-fold
Қори-Ниёзий номидаги Тарбия педагогикаси миллий институти Қорақалпоғистон филиали,Қори Ниёзий номидаги Тарбия педагогикаси миллий институти Қорақалпоғистон филиали,3,exact-fold
"Қўқон давлат педагогика институти, Умумий ва ноорганик кимё институти",Қўқон давлат педагогика институти,1,exact-fold
Қўқон давлат педагогика институтида,Қўқон давлат педагогика институти,1,exact-fold
Қўқон давлат педагогика иниститути,Қўқон давлат педагогика институти,1,typo
Қўқон давлат педагогика инситути,Қўқон давлат педагогика институти,1,typo
Қўқон давлат педагогика институтини,Қўқон давлат педагогика институти,1,typo
Қўқон давлат педагогика инцтитути,Қўқон давлат педагогика институти,1,typo
Қоʻқон давлат университети,Қўқон давлат университети,3,exact-fold
«Paxtasanoat ilmiy markazi» AJ,“Paxtasanoat ilmiy markazi” АJ,1,exact-fold
"“Paxtasanoat ilmiy markazi” АЖ, Тошкент тўқимачилик ва енгил саноат институти",“Paxtasanoat ilmiy markazi” АJ,1,exact-fold
«Ўздаверлойиҳа» давлат-,“Ўздаверлойиҳа” давлат,12,exact-fold
«Ўздаверлойиҳа» давлат,“Ўздаверлойиҳа” давлат,5,exact-fold
“Оʻздаверлойиҳа” давлат,“Ўздаверлойиҳа” давлат,2,exact-fold
«Ўздавйерлойиҳа» давлат,“Ўздаверлойиҳа” давлат,1,curated-group
«Ўздавйерлойиҳа» давлат-,“Ўздаверлойиҳа” давлат,1,curated-group
“Ипак ёʻли” туризм ва маданий мерос халқаро университети,“Ипак йўли” туризм ва маданий мерос халқаро университети,6,curated-group
“Ипак йўли туризм ва маданий мерос халқаро университети,“Ипак йўли” туризм ва маданий мерос халқаро университети,1,exact-fold
“Ипак ёʻли” туризм ва маданий мерос xалқаро университети,“Ипак йўли” туризм ва маданий мерос халқаро университети,1,curated-group
Мирзо Улуғбек номидаги Самарқанд давлат архитектура-қурилиш институти,“Мирзо Улуғбек номидаги Самарқанд давлат архитектура-қурилиш институти”,2,exact-fold
«Мирзо Улуғбек номидаги Самарқанд давлат архитектура-қурилиш институти»,“Мирзо Улуғбек номидаги Самарқанд давлат архитектура-қурилиш институти”,1,exact-fold
«Оила ва гендер»,“Оила ва гендер”,8,exact-fold
Оила ва гендер,“Оила ва гендер”,5,exact-fold
«Пахтасаноат,“Пахтасаноат,5,exact-fold
"""Пахтасаноат",“Пахтасаноат,2,exact-fold
"""ТИҚХММИ"" Миллий",“ТИҚХММИ” Миллий,2,exact-fold
ТИҚХММИ Миллий,“ТИҚХММИ” Миллий,1,exact-fold
“Тошкент ирригасия ва қишлоқ хўжалигини механизасиялаш муҳандислари институти” Миллий,“Тошкент ирригация ва қишлоқ хўжалигини механизациялаш муҳандислари институти” Миллий,8,curated-group
Тошкент ирригация ва қишлоқ хўжалигини механизациялаш муҳандислари институти Миллий,“Тошкент ирригация ва қишлоқ хўжалигини механизациялаш муҳандислари институти” Миллий,7,exact-fold
«Тошкент ирригация ва қишлоқ хўжалигини механизациялаш муҳандислари институти» Миллий,“Тошкент ирригация ва қишлоқ хўжалигини механизациялаш муҳандислари институти” Миллий,7,exact-fold
“Тошкент ирригасия ва қишлоқ хоʻжалигини механизасиялаш муҳандислари институти” Миллий,“Тошкент ирригация ва қишлоқ хўжалигини механизациялаш муҳандислари институти” Миллий,7,curated-group
“Тошкент ирригация ва қишлоқ хоʻжалигини механизациялаш муҳандислари институти” Миллий,“Тошкент ирригация ва қишлоқ хўжалигини механизациялаш муҳандислари институти” Миллий,6,exact-fold
“Тошкент ирригация ва қишлоқ хўжалигини меҳанизациялаш муҳандислари институти” Миллий,“Тошкент ирригация ва қишлоқ хўжалигини механизациялаш муҳандислари институти” Миллий,5,curated-group
“Тошкент ирригатсия ва қишлоқ хўжалигини механизатсиялаш муҳандислари институти” Миллий,“Тошкент ирригация ва қишлоқ хўжалигини механизациялаш муҳандислари институти” Миллий,3,exact-fold
“Тошкент ирригация ва қишлоқ хўжалигини механизатсиялаш муҳандислари институти” Миллий,“Тошкент ирригация ва қишлоқ хўжалигини механизациялаш муҳандислари институти” Миллий,3,exact-fold
“Тошкент ирригация ва қишлоқ хўжалигини механизасиялаш муҳандислари институти” Миллий,“Тошкент ирригация ва қишлоқ хўжалигини механизациялаш муҳандислари институти” Миллий,3,curated-group
Тошкент ирригация ва қишлоқ хўжалигини механизациялаш муҳандислари институти” Миллий,“Тошкент ирригация ва қишлоқ хўжалигини механизациялаш муҳандислари институти” Миллий,2,exact-fold
“Тошкент ирригация ва қишлоқ хоъжалигини механизациялаш муҳандислари институти” Миллий,“Тошкент ирригация ва қишлоқ хўжалигини механизациялаш муҳандислари институти” Миллий,2,exact-fold
Тошкент ирригатсия ва қишлоқ хўжалигини механизатсиялаш муҳандислари институти Миллий,“Тошкент ирригация ва қишлоқ хўжалигини механизациялаш муҳандислари институти” Миллий,1,exact-fold
Тошкент ирригация ва қишлоқ хўжалигини механизациялаш муҳандислари институти – Миллий,“Тошкент ирригация ва қишлоқ хўжалигини механизациялаш муҳандислари институти” Миллий,1,exact-fold
“Тошкент ирригация ва қишлоқ хо`жалигини механизациялаш муҳандислари институти” миллий,“Тошкент ирригация ва қишлоқ хўжалигини механизациялаш муҳандислари институти” Миллий,1,exact-fold
“Тошкент ирригация ва қишлоқ хоʻжалигини механизасиялаш муҳандислари институти” Миллий,“Тошкент ирригация ва қишлоқ хўжалигини механизациялаш муҳандислари институти” Миллий,1,curated-group
Тошкент ирригация ва қишлоқ хўжалигини меҳанизациялаш муҳандислари институти Миллий,“Тошкент ирригация ва қишлоқ хўжалигини механизациялаш муҳандислари институти” Миллий,1,curated-group
“Тошкент ирригация ва қишлоқ хўжалигини механизациялаш мухандислари институти” Миллий,“Тошкент ирригация ва қишлоқ хўжалигини механизациялаш муҳандислари институти” Миллий,1,curated
“Тошкент ирригатсийа ва қишлоқ хоъжалигини механизатсийалаш муҳандислари институти” Миллий,“Тошкент ирригация ва қишлоқ хўжалигини механизациялаш муҳандислари институти” Миллий,1,curated
“Тошкент ирригация ва қишлоқ хожалигини механизациялаш мухандислари институте” Миллий,“Тошкент ирригация ва қишлоқ хўжалигини механизациялаш муҳандислари институти” Миллий,1,curated
“Тoшкент ирригaция вa қишлoқ хўжaлигини мехaнизaциялaш муҳaндислaри институти” Миллий тaдқиқoт университети,“Тошкент ирригация ва қишлоқ хўжалигини механизациялаш муҳандислари институти” Миллий,1,curated
“Тошкент ирригация ва қишлоқ хўжалигини механизациялаш муҳандислари институти” Миллий тадқиқотлар университети,“Тошкент ирригация ва қишлоқ хўжалигини механизациялаш муҳандислари институти” Миллий,1,curated
“Тошкент ирригация ва қишлоқ хўжалигини механизациялаш муҳандислари институти” МТУ,“Тошкент ирригация ва қишлоқ хўжалигини механизациялаш муҳандислари институти” Миллий,1,curated
Тошкент ирригация ва қишлоқ хўжалигини механизациялаш муҳандислари институте – миллий,“Тошкент ирригация ва қишлоқ хўжалигини механизациялаш муҳандислари институти” Миллий,1,curated
Янги Ўзбекистон университети,“Янги Ўзбекистон” университети,1,exact-fold
